Ticker,Group,EPS Type,FYE,Year,Q2 2023,Q3 2023,Q3 2023 chg,Q4 2023,Q4 2023 chg,Q1 2024,Q1 2024 chg,Q2 2024,Q2 2024 chg,Q3 2024,Q3 2024 chg,Q4 2024,Q4 2024 chg,Q1 2025,Q1 2025 chg,Q2 2025,Q2 2025 chg,Q3 2025,Q3 2025 chg,Q4 2025,Q4 2025 chg,Q1 2026,Q1 2026 chg,Price,PE,12m Rev,Return_YTD,Return_3m,Return_12m
HCA,Portfolio,Adj,Dec,CY2025,22.499,22.857,+1.6%,21.959,-3.9%,22.988,+4.7%,23.247,+1.1%,24.906,+7.1%,24.614,-1.2%,24.946,+1.3%,25.332,+1.5%,26.272,+3.7%,27.687,+5.4%,27.69,+0.0%,471.84,17.0,+11.0%,+1.1%,+0.3%,+42.3%
HCA,Portfolio,Adj,Dec,CY2026,26.237,27.028,+3.0%,25.7,-4.9%,25.596,-0.4%,26.442,+3.3%,28.146,+6.4%,27.206,-3.3%,27.938,+2.7%,28.018,+0.3%,28.189,+0.6%,29.613,+5.1%,30.366,+2.5%,471.84,15.5,+8.7%,+1.1%,+0.3%,+42.3%
HCA,Portfolio,Adj,Dec,CY2027,29.728,30.485,+2.5%,29.073,-4.6%,28.878,-0.7%,29.463,+2.0%,31.296,+6.2%,30.928,-1.2%,31.106,+0.6%,31.604,+1.6%,31.437,-0.5%,32.847,+4.5%,33.331,+1.5%,471.84,14.2,+7.2%,+1.1%,+0.3%,+42.3%
HCA,Portfolio,Adj,Dec,CY2028,29.77,29.76,-0.0%,30.17,+1.4%,31.61,+4.8%,32.097,+1.5%,35.33,+10.1%,33.893,-4.1%,34.968,+3.2%,36.22,+3.6%,35.678,-1.5%,36.576,+2.5%,37.335,+2.1%,471.84,12.6,+6.8%,+1.1%,+0.3%,+42.3%
UNH,Portfolio,GAAP,Dec,CY2025,30.243,30.098,-0.5%,30.096,-0.0%,30.019,-0.3%,29.53,-1.6%,29.684,+0.5%,28.376,-4.4%,28.322,-0.2%,20.797,-26.6%,14.827,-28.7%,14.944,+0.8%,14.947,+0.0%,277.26,18.5,-47.2%,-16.0%,-17.6%,-47.2%
UNH,Portfolio,GAAP,Dec,CY2026,36.657,36.175,-1.3%,33.77,-6.6%,33.893,+0.4%,34.345,+1.3%,34.261,-0.2%,32.148,-6.2%,32.009,-0.4%,24.296,-24.1%,16.302,-32.9%,16.406,+0.6%,16.83,+2.6%,277.26,16.5,-47.4%,-16.0%,-17.6%,-47.2%
UNH,Portfolio,GAAP,Dec,CY2027,38.837,38.643,-0.5%,40.623,+5.1%,40.8,+0.4%,37.72,-7.5%,38.436,+1.9%,36.723,-4.5%,36.122,-1.6%,28.052,-22.3%,19.178,-31.6%,19.375,+1.0%,18.582,-4.1%,277.26,14.9,-48.6%,-16.0%,-17.6%,-47.2%
UNH,Portfolio,GAAP,Dec,CY2028,41.65,,,,,43.19,+3.7%,43.737,+1.3%,43.877,+0.3%,41.61,-5.2%,40.795,-2.0%,32.685,-19.9%,24.203,-26.0%,23.718,-2.0%,22.031,-7.1%,277.26,12.6,-46.0%,-16.0%,-17.6%,-47.2%
TSM,Portfolio,GAAP,Dec,CY2025,7.373,6.986,-5.2%,7.324,+4.8%,7.42,+1.3%,7.64,+3.0%,8.461,+10.7%,8.886,+5.0%,9.03,+1.6%,10.17,+12.6%,9.814,-3.5%,10.238,+4.3%,10.239,+0.0%,339.04,33.1,+13.4%,+11.6%,+6.1%,+131.0%
TSM,Portfolio,GAAP,Dec,CY2026,7.916,7.487,-5.4%,8.262,+10.4%,8.802,+6.5%,9.144,+3.9%,10.079,+10.2%,10.49,+4.1%,10.737,+2.4%,11.792,+9.8%,11.241,-4.7%,12.151,+8.1%,14.059,+15.7%,339.04,24.1,+30.9%,+11.6%,+6.1%,+131.0%
TSM,Portfolio,GAAP,Dec,CY2027,8.802,8.286,-5.9%,8.981,+8.4%,9.254,+3.0%,9.989,+7.9%,11.376,+13.9%,11.984,+5.3%,12.399,+3.5%,13.66,+10.2%,13.36,-2.2%,14.395,+7.7%,17.239,+19.8%,339.04,19.7,+39.0%,+11.6%,+6.1%,+131.0%
TSM,Portfolio,GAAP,Dec,CY2028,10.85,10.113,-6.8%,10.707,+5.9%,10.514,-1.8%,11.445,+8.9%,13.131,+14.7%,13.848,+5.5%,13.251,-4.3%,15.04,+13.5%,15.4,+2.4%,16.147,+4.9%,20.339,+26.0%,339.04,16.7,+53.5%,+11.6%,+6.1%,+131.0%
AVGO,Portfolio,GAAP,Oct,CY2025,4.104,4.529,+10.4%,4.769,+5.3%,3.692,-22.6%,3.838,+4.0%,3.988,+3.9%,3.958,-0.8%,4.658,+17.7%,4.529,-2.8%,4.231,-6.6%,4.247,+0.4%,,,314.55,74.1,+7.3%,-9.1%,-9.5%,+115.0%
AVGO,Portfolio,GAAP,Oct,CY2026,3.93,4.82,+22.6%,5.326,+10.5%,4.926,-7.5%,4.951,+0.5%,4.814,-2.8%,5.364,+11.4%,5.907,+10.1%,6.133,+3.8%,6.443,+5.1%,7.913,+22.8%,9.123,+15.3%,314.55,34.5,+54.4%,-9.1%,-9.5%,+115.0%
AVGO,Portfolio,GAAP,Oct,CY2027,4.24,5.3,+25.0%,5.57,+5.1%,5.155,-7.5%,6.675,+29.5%,31.08,+365.6%,6.586,-78.8%,6.902,+4.8%,7.674,+11.2%,8.982,+17.0%,11.63,+29.5%,15.275,+31.3%,314.55,20.6,+121.3%,-9.1%,-9.5%,+115.0%
AVGO,Portfolio,GAAP,Oct,CY2028,,,,6.215,,5.88,-5.4%,7.695,+30.9%,8.92,+15.9%,9.69,+8.6%,10.34,+6.7%,9.88,-4.4%,11.298,+14.4%,15.027,+33.0%,18.898,+25.8%,314.55,16.6,+82.8%,-9.1%,-9.5%,+115.0%
NVDA,Portfolio,GAAP,Jan,CY2025,0.991,1.724,+74.0%,2.163,+25.5%,2.814,+30.1%,3.503,+24.5%,3.97,+13.3%,4.381,+10.4%,4.365,-0.4%,4.118,-5.7%,4.401,+6.9%,4.614,+4.8%,4.626,+0.3%,177.39,38.3,+6.0%,-4.9%,-6.1%,+88.1%
NVDA,Portfolio,GAAP,Jan,CY2026,1.307,1.806,+38.2%,2.251,+24.6%,3.084,+37.0%,4.039,+31.0%,4.961,+22.8%,5.517,+11.2%,5.508,-0.2%,5.475,-0.6%,6.202,+13.3%,7.332,+18.2%,8.198,+11.8%,177.39,21.6,+48.8%,-4.9%,-6.1%,+88.1%
NVDA,Portfolio,GAAP,Jan,CY2027,1.533,2.07,+35.0%,2.549,+23.1%,3.43,+34.6%,4.378,+27.6%,5.172,+18.1%,6.526,+26.2%,6.267,-4.0%,6.326,+0.9%,7.352,+16.2%,9.215,+25.3%,10.89,+18.2%,177.39,16.3,+73.8%,-4.9%,-6.1%,+88.1%
NVDA,Portfolio,GAAP,Jan,CY2028,1.574,1.988,+26.3%,2.708,+36.2%,3.57,+31.8%,4.568,+28.0%,4.803,+5.1%,7.158,+49.0%,6.97,-2.6%,7.29,+4.6%,8.49,+16.5%,9.964,+17.4%,12.474,+25.2%,177.39,14.2,+79.0%,-4.9%,-6.1%,+88.1%
META,Portfolio,GAAP,Dec,CY2025,16.979,19.642,+15.7%,20.079,+2.2%,23.105,+15.1%,23.297,+0.8%,24.468,+5.0%,25.471,+4.1%,25.186,-1.1%,25.541,+1.4%,28.135,+10.2%,22.798,-19.0%,22.814,+0.1%,574.46,25.2,-9.4%,-13.0%,-11.7%,+13.8%
META,Portfolio,GAAP,Dec,CY2026,19.286,22.348,+15.9%,22.723,+1.7%,27.072,+19.1%,27.128,+0.2%,28.139,+3.7%,29.013,+3.1%,28.745,-0.9%,28.339,-1.4%,29.93,+5.6%,29.619,-1.0%,29.632,+0.0%,574.46,19.4,+3.1%,-13.0%,-11.7%,+13.8%
META,Portfolio,GAAP,Dec,CY2027,20.814,24.903,+19.6%,24.645,-1.0%,31.003,+25.8%,31.178,+0.6%,32.41,+4.0%,33.863,+4.5%,33.237,-1.8%,32.466,-2.3%,34.2,+5.3%,33.537,-1.9%,34.515,+2.9%,574.46,16.6,+3.8%,-13.0%,-11.7%,+13.8%
META,Portfolio,GAAP,Dec,CY2028,22.873,28.283,+23.7%,27.171,-3.9%,31.862,+17.3%,34.116,+7.1%,35.93,+5.3%,37.192,+3.5%,37.421,+0.6%,37.956,+1.4%,39.926,+5.2%,38.858,-2.7%,40.542,+4.3%,574.46,14.2,+8.3%,-13.0%,-11.7%,+13.8%
AMZN,Portfolio,GAAP,Dec,CY2025,3.726,4.521,+21.3%,4.928,+9.0%,5.338,+8.3%,5.826,+9.1%,5.819,-0.1%,6.224,+7.0%,6.331,+1.7%,6.244,-1.4%,6.673,+6.9%,7.094,+6.3%,7.102,+0.1%,209.77,29.5,+12.2%,-9.1%,-7.4%,+22.7%
AMZN,Portfolio,GAAP,Dec,CY2026,5.206,5.957,+14.4%,6.397,+7.4%,6.973,+9.0%,7.424,+6.5%,7.343,-1.1%,7.611,+3.6%,7.631,+0.3%,7.298,-4.4%,7.629,+4.5%,7.926,+3.9%,7.721,-2.6%,209.77,27.2,+1.2%,-9.1%,-7.4%,+22.7%
AMZN,Portfolio,GAAP,Dec,CY2027,6.47,7.361,+13.8%,7.84,+6.5%,8.284,+5.7%,8.663,+4.6%,8.866,+2.3%,9.171,+3.4%,9.373,+2.2%,8.877,-5.3%,9.253,+4.2%,9.685,+4.7%,9.33,-3.7%,209.77,22.5,-0.5%,-9.1%,-7.4%,+22.7%
AMZN,Portfolio,GAAP,Dec,CY2028,8.313,9.247,+11.2%,9.935,+7.4%,9.596,-3.4%,10.316,+7.5%,10.508,+1.9%,10.908,+3.8%,10.969,+0.6%,10.507,-4.2%,10.944,+4.2%,11.196,+2.3%,11.643,+4.0%,209.77,18.0,+6.1%,-9.1%,-7.4%,+22.7%
JPM,Portfolio,GAAP,Dec,CY2025,14.729,15.079,+2.4%,15.617,+3.6%,16.099,+3.1%,16.41,+1.9%,17.004,+3.6%,16.969,-0.2%,18.386,+8.4%,18.647,+1.4%,19.901,+6.7%,20.274,+1.9%,19.774,-2.5%,294.6,14.9,+7.5%,-8.6%,-9.5%,+40.1%
JPM,Portfolio,GAAP,Dec,CY2026,,14.797,,15.743,+6.4%,17.809,+13.1%,17.652,-0.9%,18.062,+2.3%,18.15,+0.5%,19.611,+8.0%,19.772,+0.8%,20.63,+4.3%,21.048,+2.0%,21.534,+2.3%,294.6,13.7,+9.8%,-8.6%,-9.5%,+40.1%
JPM,Portfolio,GAAP,Dec,CY2027,,15.0,,15.23,+1.5%,17.325,+13.8%,17.235,-0.5%,17.47,+1.4%,19.135,+9.5%,21.381,+11.7%,21.017,-1.7%,21.844,+3.9%,22.752,+4.2%,23.183,+1.9%,294.6,12.7,+8.4%,-8.6%,-9.5%,+40.1%
JPM,Portfolio,GAAP,Dec,CY2028,,,,14.94,,18.58,+24.4%,18.425,-0.8%,18.78,+1.9%,18.78,+0.0%,20.1,+7.0%,20.1,+0.0%,21.9,+9.0%,24.175,+10.4%,25.474,+5.4%,294.6,11.6,+26.7%,-8.6%,-9.5%,+40.1%
APO,Portfolio,Adj,Dec,CY2025,8.977,9.572,+6.6%,9.29,-2.9%,9.103,-2.0%,9.042,-0.7%,8.533,-5.6%,8.541,+0.1%,8.283,-3.0%,7.735,-6.6%,7.783,+0.6%,7.991,+2.7%,7.955,-0.5%,107.04,13.5,-4.0%,-26.1%,-27.0%,-1.5%
APO,Portfolio,Adj,Dec,CY2026,,10.65,,10.535,-1.1%,10.569,+0.3%,10.629,+0.6%,10.23,-3.8%,10.101,-1.3%,9.783,-3.1%,9.384,-4.1%,9.291,-1.0%,9.174,-1.3%,9.202,+0.3%,107.04,11.6,-5.9%,-26.1%,-27.0%,-1.5%
APO,Portfolio,Adj,Dec,CY2027,,,,,,,,,,11.81,,11.955,+1.2%,11.453,-4.2%,11.088,-3.2%,11.108,+0.2%,10.989,-1.1%,10.805,-1.7%,107.04,9.9,-5.7%,-26.1%,-27.0%,-1.5%
APO,Portfolio,Adj,Dec,CY2028,,,,,,,,,,,,14.09,,12.3,-12.7%,12.36,+0.5%,12.62,+2.1%,12.405,-1.7%,12.632,+1.8%,107.04,8.5,+2.7%,-26.1%,-27.0%,-1.5%
PGR,Portfolio,Adj,Dec,CY2025,9.509,9.269,-2.5%,9.759,+5.3%,11.226,+15.0%,12.224,+8.9%,13.408,+9.7%,14.276,+6.5%,15.48,+8.4%,16.38,+5.8%,18.291,+11.7%,17.88,-2.2%,17.902,+0.1%,195.25,10.9,+15.6%,-8.9%,-8.0%,-19.4%
PGR,Portfolio,Adj,Dec,CY2026,11.085,10.965,-1.1%,10.84,-1.1%,11.697,+7.9%,13.196,+12.8%,14.101,+6.9%,14.764,+4.7%,15.715,+6.4%,15.954,+1.5%,16.658,+4.4%,16.178,-2.9%,16.23,+0.3%,195.25,12.0,+3.3%,-8.9%,-8.0%,-19.4%
PGR,Portfolio,Adj,Dec,CY2027,11.81,11.93,+1.0%,12.1,+1.4%,12.735,+5.2%,14.33,+12.5%,14.71,+2.7%,15.303,+4.0%,16.889,+10.4%,16.855,-0.2%,16.831,-0.1%,16.29,-3.2%,16.219,-0.4%,195.25,12.0,-4.0%,-8.9%,-8.0%,-19.4%
PGR,Portfolio,Adj,Dec,CY2028,,,,,,15.74,,15.175,-3.6%,15.835,+4.3%,16.1,+1.7%,17.907,+11.2%,17.913,+0.0%,17.443,-2.6%,16.864,-3.3%,16.104,-4.5%,195.25,12.1,-10.1%,-8.9%,-8.0%,-19.4%
CVNA,Portfolio,Adj,Dec,CY2025,-3.264,-0.938,+71.3%,-2.068,-120.5%,-2.248,-8.7%,0.247,+111.0%,1.487,+502.0%,2.546,+71.2%,3.364,+32.1%,4.873,+44.9%,5.246,+7.7%,5.12,-2.4%,5.14,+0.4%,313.91,61.1,+52.8%,-25.6%,-21.6%,+93.1%
CVNA,Portfolio,Adj,Dec,CY2026,-2.191,0.265,+112.1%,-0.452,-270.6%,-0.767,-69.7%,1.693,+320.7%,3.053,+80.3%,4.756,+55.8%,4.934,+3.7%,6.156,+24.8%,7.046,+14.5%,7.238,+2.7%,7.41,+2.4%,313.91,42.4,+50.2%,-25.6%,-21.6%,+93.1%
CVNA,Portfolio,Adj,Dec,CY2027,1.08,3.821,+253.8%,2.481,-35.1%,1.87,-24.6%,4.154,+122.1%,5.163,+24.3%,7.389,+43.1%,6.913,-6.4%,7.812,+13.0%,9.908,+26.8%,9.774,-1.4%,10.075,+3.1%,313.91,31.2,+45.7%,-25.6%,-21.6%,+93.1%
CVNA,Portfolio,Adj,Dec,CY2028,0.807,3.512,+335.2%,4.36,+24.1%,1.738,-60.1%,5.43,+212.4%,6.36,+17.1%,8.947,+40.7%,8.168,-8.7%,12.165,+48.9%,13.424,+10.3%,12.681,-5.5%,12.915,+1.8%,313.91,24.3,+58.1%,-25.6%,-21.6%,+93.1%
APP,Portfolio,Adj,Dec,CY2025,1.417,1.893,+33.6%,1.954,+3.2%,3.106,+59.0%,3.746,+20.6%,4.674,+24.8%,6.02,+28.8%,6.695,+11.2%,8.109,+21.1%,9.037,+11.4%,9.373,+3.7%,9.378,+0.1%,386.37,41.2,+40.1%,-42.7%,-37.5%,+76.1%
APP,Portfolio,Adj,Dec,CY2026,1.617,2.112,+30.6%,2.89,+36.8%,3.98,+37.7%,4.54,+14.1%,6.059,+33.5%,8.025,+32.4%,9.801,+22.1%,11.95,+21.9%,14.027,+17.4%,14.658,+4.5%,15.457,+5.5%,386.37,25.0,+57.7%,-42.7%,-37.5%,+76.1%
APP,Portfolio,Adj,Dec,CY2027,2.433,3.17,+30.3%,4.51,+42.3%,3.353,-25.7%,5.02,+49.7%,6.923,+37.9%,10.336,+49.3%,12.839,+24.2%,14.525,+13.1%,17.551,+20.8%,18.898,+7.7%,20.32,+7.5%,386.37,19.0,+58.3%,-42.7%,-37.5%,+76.1%
APP,Portfolio,Adj,Dec,CY2028,2.753,4.81,+74.7%,6.28,+30.6%,4.585,-27.0%,5.6,+22.1%,7.905,+41.2%,11.706,+48.1%,15.412,+31.7%,17.566,+14.0%,22.691,+29.2%,23.806,+4.9%,25.295,+6.3%,386.37,15.3,+64.1%,-42.7%,-37.5%,+76.1%
VEEV,Portfolio,Adj,Jan,CY2025,6.096,6.326,+3.8%,6.326,+0.0%,6.81,+7.7%,6.787,-0.3%,6.833,+0.7%,7.022,+2.8%,7.316,+4.2%,7.66,+4.7%,7.805,+1.9%,7.934,+1.7%,7.941,+0.1%,173.98,21.9,+8.5%,-22.1%,-20.7%,-18.6%
VEEV,Portfolio,Adj,Jan,CY2026,7.01,7.543,+7.6%,7.415,-1.7%,7.681,+3.6%,7.602,-1.0%,7.659,+0.7%,7.812,+2.0%,8.076,+3.4%,8.331,+3.2%,8.444,+1.4%,8.574,+1.5%,8.864,+3.4%,173.98,19.6,+9.8%,-22.1%,-20.7%,-18.6%
VEEV,Portfolio,Adj,Jan,CY2027,8.13,8.673,+6.7%,8.485,-2.2%,8.81,+3.8%,8.663,-1.7%,8.683,+0.2%,8.898,+2.5%,9.122,+2.5%,9.836,+7.8%,9.757,-0.8%,9.604,-1.6%,9.888,+3.0%,173.98,17.6,+8.4%,-22.1%,-20.7%,-18.6%
VEEV,Portfolio,Adj,Jan,CY2028,10.343,10.13,-2.1%,10.047,-0.8%,10.045,-0.0%,9.803,-2.4%,9.793,-0.1%,10.183,+4.0%,10.413,+2.3%,11.037,+6.0%,11.243,+1.9%,11.24,-0.0%,11.155,-0.8%,173.98,15.6,+7.1%,-22.1%,-20.7%,-18.6%
FICO,Watchlist,Adj,Sep,CY2025,27.79,28.401,+2.2%,28.733,+1.2%,29.378,+2.2%,29.448,+0.2%,29.66,+0.7%,29.891,+0.8%,29.059,-2.8%,29.264,+0.7%,29.522,+0.9%,29.52,-0.0%,,,1089.76,36.9,-1.2%,-35.5%,-33.7%,-34.9%
FICO,Watchlist,Adj,Sep,CY2026,32.703,33.303,+1.8%,35.01,+5.1%,34.626,-1.1%,35.144,+1.5%,36.069,+2.6%,37.267,+3.3%,36.248,-2.7%,36.341,+0.3%,35.299,-2.9%,40.402,+14.5%,41.971,+3.9%,1089.76,26.0,+15.8%,-35.5%,-33.7%,-34.9%
FICO,Watchlist,Adj,Sep,CY2027,37.9,38.57,+1.8%,41.505,+7.6%,45.935,+10.7%,45.098,-1.8%,45.944,+1.9%,46.036,+0.2%,45.342,-1.5%,45.121,-0.5%,43.263,-4.1%,51.129,+18.2%,53.094,+3.8%,1089.76,20.5,+17.1%,-35.5%,-33.7%,-34.9%
FICO,Watchlist,Adj,Sep,CY2028,43.02,43.6,+1.3%,48.03,+10.2%,54.838,+14.2%,54.29,-1.0%,56.241,+3.6%,60.5,+7.6%,56.431,-6.7%,56.186,-0.4%,52.207,-7.1%,59.211,+13.4%,63.171,+6.7%,1089.76,17.3,+11.9%,-35.5%,-33.7%,-34.9%
GOOG,Watchlist,GAAP,Dec,CY2025,7.384,7.825,+6.0%,7.697,-1.6%,7.839,+1.8%,8.608,+9.8%,8.769,+1.9%,9.007,+2.7%,8.951,-0.6%,9.585,+7.1%,9.906,+3.3%,10.589,+6.9%,10.598,+0.1%,294.46,27.8,+18.4%,-6.2%,-6.6%,+99.3%
GOOG,Watchlist,GAAP,Dec,CY2026,8.636,8.79,+1.8%,8.722,-0.8%,8.981,+3.0%,9.803,+9.2%,10.001,+2.0%,10.215,+2.1%,10.232,+0.2%,10.192,-0.4%,10.706,+5.0%,11.208,+4.7%,11.621,+3.7%,294.46,25.3,+13.6%,-6.2%,-6.6%,+99.3%
GOOG,Watchlist,GAAP,Dec,CY2027,9.937,10.214,+2.8%,10.164,-0.5%,10.23,+0.6%,11.357,+11.0%,11.513,+1.4%,11.61,+0.8%,12.23,+5.3%,11.534,-5.7%,12.203,+5.8%,13.42,+10.0%,13.561,+1.1%,294.46,21.7,+10.9%,-6.2%,-6.6%,+99.3%
GOOG,Watchlist,GAAP,Dec,CY2028,11.854,11.995,+1.2%,12.205,+1.8%,11.054,-9.4%,12.969,+17.3%,13.086,+0.9%,13.278,+1.5%,13.175,-0.8%,13.316,+1.1%,14.039,+5.4%,14.628,+4.2%,15.684,+7.2%,294.46,18.8,+19.0%,-6.2%,-6.6%,+99.3%
MU,Watchlist,GAAP,Aug,CY2025,5.141,5.139,-0.0%,6.269,+22.0%,7.427,+18.5%,9.25,+24.5%,8.394,-9.3%,6.738,-19.7%,6.568,-2.5%,7.2,+9.6%,7.42,+3.1%,,,,,366.24,49.4,-11.6%,+28.3%,+16.1%,+465.9%
MU,Watchlist,GAAP,Aug,CY2026,9.59,7.947,-17.1%,7.906,-0.5%,9.529,+20.5%,11.728,+23.1%,12.291,+4.8%,10.773,-12.4%,10.97,+1.8%,11.783,+7.4%,14.79,+25.5%,29.113,+96.8%,53.42,+83.5%,366.24,6.9,+387.0%,+28.3%,+16.1%,+465.9%
MU,Watchlist,GAAP,Aug,CY2027,10.75,11.215,+4.3%,12.37,+10.3%,12.495,+1.0%,14.32,+14.6%,13.976,-2.4%,11.613,-16.9%,11.841,+2.0%,15.84,+33.8%,17.317,+9.3%,37.046,+113.9%,90.594,+144.5%,366.24,4.0,+665.1%,+28.3%,+16.1%,+465.9%
MU,Watchlist,GAAP,Aug,CY2028,16.31,13.21,-19.0%,14.485,+9.7%,14.615,+0.9%,16.29,+11.5%,13.605,-16.5%,12.6,-7.4%,13.91,+10.4%,18.597,+33.7%,18.251,-1.9%,36.88,+102.1%,81.149,+120.0%,366.24,4.5,+483.4%,+28.3%,+16.1%,+465.9%
HOOD,Watchlist,Adj,Dec,CY2025,0.049,0.206,+320.4%,0.189,-8.3%,0.439,+132.3%,0.578,+31.7%,0.689,+19.2%,1.109,+61.0%,1.478,+33.3%,1.308,-11.5%,1.738,+32.9%,2.038,+17.3%,2.066,+1.4%,68.9,33.3,+39.8%,-39.1%,-40.2%,+99.7%
HOOD,Watchlist,Adj,Dec,CY2026,-0.24,0.068,+128.3%,0.91,+1238.2%,0.137,-84.9%,0.675,+392.7%,0.8,+18.5%,1.187,+48.4%,1.736,+46.3%,1.565,-9.9%,2.13,+36.1%,2.513,+18.0%,2.354,-6.3%,68.9,29.3,+35.6%,-39.1%,-40.2%,+99.7%
HOOD,Watchlist,Adj,Dec,CY2027,,0.12,,,,,,0.3,+150.0%,0.56,+86.7%,1.493,+166.6%,2.073,+38.8%,1.94,-6.4%,2.426,+25.1%,2.908,+19.9%,2.872,-1.2%,68.9,24.0,+38.5%,-39.1%,-40.2%,+99.7%
HOOD,Watchlist,Adj,Dec,CY2028,,,,,,,,,,,,,,1.905,,1.805,-5.2%,1.99,+10.2%,3.445,+73.1%,3.462,+0.5%,68.9,19.9,+81.7%,-39.1%,-40.2%,+99.7%
TDG,Watchlist,Adj,Sep,CY2025,32.851,35.038,+6.7%,37.649,+7.5%,37.205,-1.2%,39.1,+5.1%,40.271,+3.0%,37.45,-7.0%,37.382,-0.2%,37.489,+0.3%,36.855,-1.7%,36.616,-0.6%,,,1167.0,31.9,-2.2%,-12.2%,-14.1%,+0.8%
TDG,Watchlist,Adj,Sep,CY2026,35.306,37.075,+5.0%,42.284,+14.0%,42.054,-0.5%,43.976,+4.6%,45.718,+4.0%,43.198,-5.5%,43.336,+0.3%,43.462,+0.3%,41.502,-4.5%,39.046,-5.9%,39.05,+0.0%,1167.0,29.9,-9.9%,-12.2%,-14.1%,+0.8%
TDG,Watchlist,Adj,Sep,CY2027,29.0,29.36,+1.2%,41.175,+40.2%,44.436,+7.9%,47.08,+6.0%,49.228,+4.6%,48.556,-1.4%,49.422,+1.8%,49.688,+0.5%,47.99,-3.4%,45.829,-4.5%,45.798,-0.1%,1167.0,25.5,-7.3%,-12.2%,-14.1%,+0.8%
TDG,Watchlist,Adj,Sep,CY2028,,,,36.08,,43.725,+21.2%,48.153,+10.1%,50.548,+5.0%,50.55,+0.0%,53.114,+5.1%,52.837,-0.5%,51.642,-2.3%,53.571,+3.7%,52.822,-1.4%,1167.0,22.1,-0.5%,-12.2%,-14.1%,+0.8%
GE,Watchlist,GAAP,Dec,CY2025,6.01,6.073,+1.0%,6.298,+3.7%,6.11,-3.0%,5.293,-13.4%,5.273,-0.4%,5.187,-1.6%,5.456,+5.2%,5.783,+6.0%,6.111,+5.7%,6.862,+12.3%,6.907,+0.7%,281.16,40.7,+26.6%,-8.7%,-12.3%,+68.6%
GE,Watchlist,GAAP,Dec,CY2026,9.06,8.445,-6.8%,7.9,-6.5%,7.77,-1.6%,5.852,-24.7%,6.233,+6.5%,6.65,+6.7%,6.479,-2.6%,6.554,+1.2%,7.045,+7.5%,7.751,+10.0%,7.789,+0.5%,281.16,36.1,+20.2%,-8.7%,-12.3%,+68.6%
GE,Watchlist,GAAP,Dec,CY2027,7.26,7.68,+5.8%,8.555,+11.4%,9.625,+12.5%,6.59,-31.5%,7.35,+11.5%,7.562,+2.9%,7.375,-2.5%,7.618,+3.3%,8.084,+6.1%,8.819,+9.1%,8.964,+1.6%,281.16,31.4,+21.5%,-8.7%,-12.3%,+68.6%
GE,Watchlist,GAAP,Dec,CY2028,,,,,,10.605,,7.443,-29.8%,8.128,+9.2%,8.426,+3.7%,8.263,-1.9%,8.523,+3.1%,9.202,+8.0%,9.997,+8.6%,10.17,+1.7%,281.16,27.6,+23.1%,-8.7%,-12.3%,+68.6%
LRCX,Watchlist,GAAP,Jun,CY2025,3.382,3.606,+6.6%,3.52,-2.4%,3.559,+1.1%,3.587,+0.8%,3.567,-0.6%,3.519,-1.3%,3.753,+6.6%,4.011,+6.9%,4.012,+0.0%,,,,,218.44,54.4,+12.5%,+27.6%,+18.0%,+269.7%
LRCX,Watchlist,GAAP,Jun,CY2026,4.005,4.184,+4.5%,4.189,+0.1%,4.49,+7.2%,4.588,+2.2%,4.552,-0.8%,4.132,-9.2%,3.887,-5.9%,3.976,+2.3%,4.44,+11.7%,4.797,+8.0%,5.293,+10.3%,218.44,41.3,+36.2%,+27.6%,+18.0%,+269.7%
LRCX,Watchlist,GAAP,Jun,CY2027,5.12,4.42,-13.7%,5.015,+13.5%,4.95,-1.3%,4.98,+0.6%,4.956,-0.5%,4.877,-1.6%,4.715,-3.3%,4.698,-0.4%,5.006,+6.6%,5.662,+13.1%,6.981,+23.3%,218.44,31.3,+48.1%,+27.6%,+18.0%,+269.7%
LRCX,Watchlist,GAAP,Jun,CY2028,,4.745,,5.48,+15.5%,5.33,-2.7%,5.26,-1.3%,5.18,-1.5%,5.78,+11.6%,5.495,-4.9%,5.24,-4.6%,5.772,+10.2%,6.286,+8.9%,7.792,+24.0%,218.44,28.0,+41.8%,+27.6%,+18.0%,+269.7%
DASH,Watchlist,Adj,Dec,CY2025,1.625,1.448,-10.9%,1.675,+15.7%,2.857,+70.6%,4.038,+41.3%,3.518,-12.9%,4.164,+18.4%,4.423,+6.2%,4.129,-6.6%,4.282,+3.7%,5.08,+18.6%,5.084,+0.1%,156.45,30.8,+14.9%,-30.9%,-28.8%,-4.1%
DASH,Watchlist,Adj,Dec,CY2026,2.367,1.985,-16.1%,2.436,+22.7%,3.196,+31.2%,5.878,+83.9%,5.189,-11.7%,5.64,+8.7%,5.815,+3.1%,5.561,-4.4%,5.913,+6.3%,5.771,-2.4%,5.499,-4.7%,156.45,28.5,-5.4%,-30.9%,-28.8%,-4.1%
DASH,Watchlist,Adj,Dec,CY2027,4.034,3.407,-15.5%,4.09,+20.0%,3.893,-4.8%,3.113,-20.0%,3.763,+20.9%,4.858,+29.1%,6.513,+34.1%,6.359,-2.4%,7.52,+18.3%,7.486,-0.5%,7.306,-2.4%,156.45,21.4,+12.2%,-30.9%,-28.8%,-4.1%
DASH,Watchlist,Adj,Dec,CY2028,5.08,4.118,-18.9%,5.515,+33.9%,3.86,-30.0%,3.715,-3.8%,3.715,+0.0%,4.69,+26.2%,6.56,+39.9%,7.96,+21.3%,8.913,+12.0%,9.48,+6.4%,8.323,-12.2%,156.45,18.8,+26.9%,-30.9%,-28.8%,-4.1%
UBER,Watchlist,Adj,Dec,CY2025,2.209,2.237,+1.3%,2.339,+4.6%,2.437,+4.2%,2.485,+2.0%,2.62,+5.4%,2.919,+11.4%,2.761,-5.4%,3.627,+31.4%,3.582,-1.2%,6.51,+81.7%,2.49,-61.8%,71.84,28.9,-9.8%,-12.1%,-13.3%,+11.2%
UBER,Watchlist,Adj,Dec,CY2026,2.936,2.753,-6.2%,2.993,+8.7%,3.277,+9.5%,3.589,+9.5%,3.476,-3.1%,3.889,+11.9%,3.842,-1.2%,4.079,+6.2%,4.226,+3.6%,4.077,-3.5%,3.399,-16.6%,71.84,21.1,-11.5%,-12.1%,-13.3%,+11.2%
UBER,Watchlist,Adj,Dec,CY2027,3.733,3.348,-10.3%,3.721,+11.1%,3.94,+5.9%,4.657,+18.2%,4.439,-4.7%,4.419,-0.5%,4.869,+10.2%,4.931,+1.3%,4.922,-0.2%,4.902,-0.4%,4.395,-10.3%,71.84,16.3,-9.7%,-12.1%,-13.3%,+11.2%
UBER,Watchlist,Adj,Dec,CY2028,4.56,4.202,-7.9%,4.452,+5.9%,4.62,+3.8%,5.021,+8.7%,5.118,+1.9%,5.24,+2.4%,5.729,+9.3%,5.563,-2.9%,5.7,+2.5%,6.03,+5.8%,5.561,-7.8%,71.84,12.9,-2.9%,-12.1%,-13.3%,+11.2%
LLY,Watchlist,GAAP,Dec,CY2025,16.42,16.228,-1.2%,17.311,+6.7%,18.304,+5.7%,18.78,+2.6%,22.731,+21.0%,22.775,+0.2%,22.932,+0.7%,21.368,-6.8%,22.345,+4.6%,23.039,+3.1%,22.806,-1.0%,935.58,41.0,-0.5%,-12.9%,-13.4%,+26.7%
LLY,Watchlist,GAAP,Dec,CY2026,21.166,20.534,-3.0%,23.414,+14.0%,23.956,+2.3%,24.69,+3.1%,29.924,+21.2%,28.326,-5.3%,28.814,+1.7%,29.158,+1.2%,29.763,+2.1%,32.347,+8.7%,34.112,+5.5%,935.58,27.4,+18.4%,-12.9%,-13.4%,+26.7%
LLY,Watchlist,GAAP,Dec,CY2027,25.203,25.136,-0.3%,29.779,+18.5%,30.779,+3.4%,31.751,+3.2%,36.376,+14.6%,34.059,-6.4%,34.548,+1.4%,35.248,+2.0%,35.819,+1.6%,39.669,+10.7%,40.622,+2.4%,935.58,23.0,+17.6%,-12.9%,-13.4%,+26.7%
LLY,Watchlist,GAAP,Dec,CY2028,27.942,28.921,+3.5%,35.383,+22.3%,36.21,+2.3%,37.888,+4.6%,42.95,+13.4%,39.941,-7.0%,40.589,+1.6%,42.167,+3.9%,41.769,-0.9%,46.88,+12.2%,47.507,+1.3%,935.58,19.7,+17.0%,-12.9%,-13.4%,+26.7%
MSFT,Watchlist,GAAP,Jun,CY2025,12.687,12.602,-0.7%,12.982,+3.0%,13.369,+3.0%,13.318,-0.4%,13.201,-0.9%,13.071,-1.0%,13.135,+0.5%,13.393,+2.0%,13.403,+0.1%,,,,,373.46,27.9,+1.5%,-22.8%,-21.0%,+3.8%
MSFT,Watchlist,GAAP,Jun,CY2026,14.78,14.737,-0.3%,15.403,+4.5%,15.676,+1.8%,15.676,+0.0%,15.309,-2.3%,15.157,-1.0%,15.023,-0.9%,15.186,+1.1%,15.621,+2.9%,15.961,+2.2%,16.913,+6.0%,373.46,22.1,+12.6%,-22.8%,-21.0%,+3.8%
MSFT,Watchlist,GAAP,Jun,CY2027,17.652,17.155,-2.8%,17.598,+2.6%,18.086,+2.8%,18.292,+1.1%,18.1,-1.0%,17.698,-2.2%,17.422,-1.6%,17.747,+1.9%,18.297,+3.1%,18.74,+2.4%,19.006,+1.4%,373.46,19.6,+9.1%,-22.8%,-21.0%,+3.8%
MSFT,Watchlist,GAAP,Jun,CY2028,20.208,19.385,-4.1%,19.496,+0.6%,20.526,+5.3%,20.523,-0.0%,20.235,-1.4%,20.126,-0.5%,19.939,-0.9%,21.158,+6.1%,21.321,+0.8%,22.12,+3.7%,22.372,+1.1%,373.46,16.7,+12.2%,-22.8%,-21.0%,+3.8%
V,Watchlist,GAAP,Sep,CY2025,11.034,11.079,+0.4%,11.069,-0.1%,11.059,-0.1%,11.15,+0.8%,11.01,-1.3%,11.095,+0.8%,11.105,+0.1%,10.812,-2.6%,10.728,-0.8%,10.723,-0.0%,,,300.8,28.1,-3.4%,-14.2%,-13.2%,-3.9%
V,Watchlist,GAAP,Sep,CY2026,8.51,8.9,+4.6%,12.717,+42.9%,12.676,-0.3%,12.642,-0.3%,12.471,-1.4%,12.54,+0.6%,12.689,+1.2%,12.674,-0.1%,12.747,+0.6%,12.691,-0.4%,12.651,-0.3%,300.8,23.8,-0.3%,-14.2%,-13.2%,-3.9%
V,Watchlist,GAAP,Sep,CY2027,14.195,14.04,-1.1%,14.373,+2.4%,14.155,-1.5%,14.244,+0.6%,14.068,-1.2%,14.183,+0.8%,14.351,+1.2%,14.305,-0.3%,14.423,+0.8%,14.373,-0.3%,14.47,+0.7%,300.8,20.8,+0.8%,-14.2%,-13.2%,-3.9%
V,Watchlist,GAAP,Sep,CY2028,,15.4,,16.265,+5.6%,16.4,+0.8%,16.29,-0.7%,16.033,-1.6%,15.59,-2.8%,16.126,+3.4%,16.023,-0.6%,16.282,+1.6%,16.224,-0.4%,16.342,+0.7%,300.8,18.4,+1.3%,-14.2%,-13.2%,-3.9%
