Ticker,Group,Category,GICS Sector,GICS Industry,EPS Type,FYE,Price,PE_CY2026,PE_CY2027,PE_CY2028,Return_YTD,Return_3m,Return_12m
HCA,Portfolio,,Health Care,Health Care Equipment & Servic,Adj,Dec,406.59,,,,-12.9%,-17.9%,+7.5%
UNH,Portfolio,,Health Care,Health Care Equipment & Servic,GAAP,Dec,424.62,,,,+28.6%,+39.5%,+41.8%
TSM,Portfolio,,Information Technology,Semiconductors & Semiconductor,GAAP,Dec,434.11,,,,+42.9%,+17.1%,+88.9%
AVGO,Portfolio,,Information Technology,Semiconductors & Semiconductor,GAAP,Oct,399.97,,,,+15.6%,+7.6%,+45.2%
NVDA,Portfolio,,Information Technology,Semiconductors & Semiconductor,GAAP,Jan,210.96,,,,+13.1%,+11.8%,+28.6%
META,Portfolio,,Communication Services,Media & Entertainment,GAAP,Dec,669.21,,,,+1.4%,+6.2%,-8.0%
AMZN,Portfolio,,Consumer Discretionary,Consumer Discretionary Distrib,GAAP,Dec,245.34,,,,+6.3%,+2.9%,+10.4%
JPM,Portfolio,,Financials,Banks,GAAP,Dec,336.47,,,,+4.4%,+8.6%,+16.8%
APO,Portfolio,,Financials,Financial Services,Adj,Dec,120.34,,,,-16.9%,+15.4%,-18.8%
PGR,Portfolio,,Financials,Insurance,Adj,Dec,230.72,,,,+7.7%,+18.8%,-1.7%
CVNA,Portfolio,,Consumer Discretionary,Consumer Discretionary Distrib,Adj,Dec,65.83,,,,-22.0%,-2.1%,-4.7%
APP,Portfolio,,Information Technology,Software & Services,Adj,Dec,506.98,,,,-24.8%,+29.5%,+46.4%
VEEV,Portfolio,,Health Care,Health Care Equipment & Servic,Adj,Jan,190.12,,,,-14.8%,+25.5%,-32.5%
FICO,Portfolio,,Information Technology,Software & Services,Adj,Sep,1250.9,,,,-26.0%,+35.6%,-21.0%
GOOG,Watchlist,,Communication Services,Media & Entertainment,GAAP,Dec,355.03,,,,+13.1%,+12.5%,+98.7%
MU,Watchlist,,Information Technology,Semiconductors & Semiconductor,GAAP,Aug,979.3,,,,+243.1%,+132.8%,+695.5%
HOOD,Watchlist,,Financials,Financial Services,Adj,Dec,111.97,,,,-1.0%,+61.8%,+13.4%
TDG,Watchlist,,Industrials,Capital Goods,Adj,Sep,1291.35,,,,-2.9%,+7.0%,-10.4%
GE,Watchlist,,Industrials,Capital Goods,GAAP,Dec,359.27,,,,+16.6%,+16.5%,+42.2%
LRCX,Watchlist,,Information Technology,Semiconductors & Semiconductor,GAAP,Jun,350.33,,,,+104.7%,+32.9%,+246.7%
DASH,Watchlist,,Consumer Discretionary,Consumer Services,Adj,Dec,191.82,,,,-15.3%,+25.7%,-19.5%
UBER,Watchlist,,Industrials,Transportation,Adj,Dec,74.54,,,,-8.8%,+5.8%,-22.7%
LLY,Watchlist,,Health Care,"Pharmaceuticals, Biotechnology",GAAP,Dec,1188.58,,,,+10.6%,+26.5%,+50.3%
MSFT,Watchlist,,Information Technology,Software & Services,GAAP,Jun,385.1,,,,-20.4%,+3.8%,-23.2%
V,Watchlist,,Financials,Financial Services,GAAP,Sep,348.97,,,,-0.5%,+14.7%,-1.9%
BX,Watchlist,,Financials,Financial Services,Adj,Dec,123.09,,,,-20.1%,+7.2%,-25.0%
BKNG,Watchlist,,Consumer Discretionary,Consumer Services,Adj,Dec,178.39,,,,-16.7%,+2.8%,-22.0%
HLT,Watchlist,,Consumer Discretionary,Consumer Services,Adj,Dec,335.48,,,,+16.8%,+3.7%,+20.9%
IBKR,Watchlist,,Financials,Financial Services,Adj,Dec,94.09,,,,+46.3%,+32.1%,+59.7%
NET,Watchlist,,Information Technology,Software & Services,Adj,Dec,268.4,,,,+36.1%,+60.7%,+47.5%
COST,Watchlist,,Consumer Staples,Consumer Staples Distribution,GAAP,Aug,916.25,,,,+6.3%,-8.2%,-5.6%
TSLA,Watchlist,,Consumer Discretionary,Automobiles & Components,GAAP,Dec,407.76,,,,-9.3%,+16.9%,+31.6%
TMO,Watchlist,,Health Care,"Pharmaceuticals, Biotechnology",Adj,Dec,527.05,,,,-9.0%,+6.2%,+22.4%
COF,Watchlist,,Financials,Financial Services,Adj,Dec,201.52,,,,-16.9%,+4.4%,-8.7%
AON,Watchlist,,Financials,Insurance,Adj,Dec,356.94,,,,+1.2%,+14.2%,-0.6%
MC,Watchlist,,Consumer Discretionary,Consumer Durables & Apparel,GAAP,Dec,489.9,,,,-24.0%,+1.4%,-3.0%
STX,Watchlist,,Information Technology,Technology Hardware & Equipmen,GAAP,Jun,910.34,,,,+230.6%,+80.9%,+530.0%
SPX,Indices,Indices,,,Adj,Dec,7575.39,,,,+10.7%,+11.1%,+20.6%
QQQ,Indices,Indices,,,GAAP,Dec,725.51,,,,+18.1%,+18.7%,+30.6%
IWM,Indices,Indices,,,Adj,Dec,295.99,,,,+20.2%,+13.3%,+31.7%
SOX,Indices,Indices,,,Adj,Dec,12967.16,,,,+83.1%,+45.9%,+127.2%
IGV,Indices,Indices,,,Adj,Dec,92.41,,,,-12.6%,+23.8%,-15.3%
AER,Extended,Uncategorized,Industrials,Capital Goods,Adj,Dec,149.87,,,,+4.3%,+3.0%,+30.6%
MA,Extended,Uncategorized,Financials,Financial Services,GAAP,Dec,526.74,,,,-7.7%,+5.6%,-6.5%
BRK/A,Extended,Uncategorized,Financials,Financial Services,GAAP,Dec,739750.0,,,,-2.0%,+2.7%,+3.1%
CSU,Extended,Uncategorized,Information Technology,Software & Services,Adj,Dec,2802.14,,,,-15.3%,+22.1%,-43.5%
DHR,Extended,Uncategorized,Health Care,"Pharmaceuticals, Biotechnology",Adj,Dec,199.05,,,,-13.0%,+5.0%,-3.1%
AAPL,Extended,Uncategorized,Information Technology,Technology Hardware & Equipmen,GAAP,Sep,315.32,,,,+16.0%,+21.1%,+48.4%
NFLX,Extended,Uncategorized,Communication Services,Media & Entertainment,GAAP,Dec,73.37,,,,-21.7%,-28.8%,-41.3%
QCOM,Extended,Uncategorized,Information Technology,Semiconductors & Semiconductor,Adj,Sep,189.16,,,,+10.6%,+47.7%,+18.9%
UMG,Extended,Uncategorized,Communication Services,Media & Entertainment,Adj,Dec,18.91,,,,-14.9%,-2.7%,-29.3%
ASML,Extended,Uncategorized,Information Technology,Semiconductors & Semiconductor,GAAP,Dec,1569.0,,,,+70.3%,+23.5%,+127.4%
AMAT,Extended,Uncategorized,Information Technology,Semiconductors & Semiconductor,GAAP,Oct,602.5,,,,+134.4%,+50.8%,+204.2%
KLAC,Extended,Uncategorized,Information Technology,Semiconductors & Semiconductor,GAAP,Jun,231.52,,,,+90.5%,+33.3%,+149.3%
KKR,Extended,Uncategorized,Financials,Financial Services,Adj,Dec,96.94,,,,-24.0%,+6.3%,-32.2%
BAM,Extended,Uncategorized,Financials,Financial Services,Adj,Dec,46.72,,,,-10.8%,+4.1%,-17.4%
ARES,Extended,Uncategorized,Financials,Financial Services,Adj,Dec,121.81,,,,-24.6%,+21.3%,-32.4%
OWL,Extended,Uncategorized,Financials,Financial Services,Adj,Dec,9.36,,,,-37.3%,+13.7%,-52.2%
CG,Extended,Uncategorized,Financials,Financial Services,Adj,Dec,44.71,,,,-24.4%,-5.5%,-23.6%
BN,Extended,Uncategorized,Financials,Financial Services,Adj,Dec,43.73,,,,-4.7%,+3.8%,+2.6%
TPG,Extended,Uncategorized,Financials,Financial Services,Adj,Dec,42.67,,,,-33.2%,+11.4%,-23.8%
BEP,Extended,Uncategorized,Utilities,Utilities,Adj,Dec,32.33,,,,+19.9%,-6.7%,+26.6%
BIP,Extended,Uncategorized,Utilities,Utilities,Adj,Dec,37.65,,,,+8.4%,+3.0%,+14.6%
MAR,Extended,Uncategorized,Consumer Discretionary,Consumer Services,Adj,Dec,376.11,,,,+21.2%,+6.2%,+33.2%
DPZ,Extended,Uncategorized,Consumer Discretionary,Consumer Services,Adj,Dec,299.46,,,,-28.2%,-18.2%,-36.3%
CMG,Extended,Uncategorized,Consumer Discretionary,Consumer Services,Adj,Dec,35.25,,,,-4.7%,+3.4%,-37.5%
MCO,Extended,Uncategorized,Financials,Financial Services,Adj,Dec,487.28,,,,-4.6%,+14.0%,-3.6%
SPGI,Extended,Uncategorized,Financials,Financial Services,Adj,Dec,430.5,,,,-12.9%,+9.6%,-14.1%
MSCI,Extended,Uncategorized,Financials,Financial Services,Adj,Dec,604.71,,,,+5.4%,+12.7%,+4.1%
CSGP,Extended,Uncategorized,Real Estate,Real Estate Management & Devel,Adj,Dec,28.39,,,,-57.8%,-22.2%,-67.0%
LPLA,Extended,Uncategorized,Financials,Financial Services,Adj,Dec,317.03,,,,-11.2%,+1.4%,-16.6%
SCHW,Extended,Uncategorized,Financials,Financial Services,Adj,Dec,103.12,,,,+3.2%,+8.8%,+10.8%
CRM,Extended,Uncategorized,Information Technology,Software & Services,Adj,Jan,163.32,,,,-38.3%,-1.0%,-38.1%
WDAY,Extended,Uncategorized,Information Technology,Software & Services,Adj,Jan,138.95,,,,-35.3%,+23.5%,-39.4%
ADBE,Extended,Uncategorized,Information Technology,Software & Services,Adj,Nov,223.64,,,,-36.1%,-0.8%,-39.8%
SHOP,Extended,Uncategorized,Information Technology,Software & Services,Adj,Dec,122.54,,,,-23.9%,+10.6%,+6.4%
GWRE,Extended,Uncategorized,Information Technology,Software & Services,Adj,Jul,136.13,,,,-32.3%,+15.4%,-39.5%
NOW,Extended,Uncategorized,Information Technology,Software & Services,Adj,Dec,107.71,,,,-29.7%,+29.8%,-44.4%
ELV,Extended,Uncategorized,Health Care,Health Care Equipment & Servic,Adj,Dec,416.23,,,,+18.7%,+33.6%,+20.3%
ISRG,Extended,Uncategorized,Health Care,Health Care Equipment & Servic,Adj,Dec,406.78,,,,-28.2%,-9.7%,-22.7%
BLDR,Extended,Uncategorized,Industrials,Capital Goods,Adj,Dec,75.69,,,,-26.4%,-11.3%,-44.0%
FERG,Extended,Uncategorized,Industrials,Capital Goods,Adj,Jul,227.46,,,,+2.2%,-11.4%,+1.4%
CRH,Extended,Uncategorized,Materials,Materials,Adj,Dec,104.71,,,,-16.1%,-11.2%,+9.2%
FND,Extended,Uncategorized,Consumer Discretionary,Consumer Discretionary Distrib,Adj,Dec,57.13,,,,-6.2%,+10.5%,-33.0%
WMT,Extended,Uncategorized,Consumer Staples,Consumer Staples Distribution,GAAP,Jan,113.9,,,,+2.2%,-10.2%,+20.1%
PM,Extended,Uncategorized,Consumer Staples,"Food, Beverage & Tobacco",GAAP,Dec,181.62,,,,+13.2%,+13.2%,+0.3%
CP,Extended,Uncategorized,Industrials,Transportation,Adj,Dec,90.12,,,,+22.4%,+11.7%,+9.4%
CNR,Extended,Uncategorized,Industrials,Transportation,Adj,Dec,176.19,,,,+29.8%,+15.7%,+21.6%
UNP,Extended,Uncategorized,Industrials,Transportation,Adj,Dec,286.96,,,,+24.1%,+14.6%,+21.1%
CSX,Extended,Uncategorized,Industrials,Transportation,Adj,Dec,49.41,,,,+36.3%,+17.0%,+47.3%
NVR,Extended,Uncategorized,Consumer Discretionary,Consumer Durables & Apparel,Adj,Dec,6479.39,,,,-11.2%,-4.0%,-15.7%
PDD,Extended,Uncategorized,Consumer Discretionary,Consumer Discretionary Distrib,Adj,Dec,85.13,,,,-24.9%,-15.0%,-18.9%
MSI,Extended,Uncategorized,Information Technology,Technology Hardware & Equipmen,Adj,Dec,422.88,,,,+10.3%,-2.5%,+1.2%
TPL,Extended,Uncategorized,Energy,Energy,Adj,Dec,397.82,,,,+38.5%,-3.0%,+13.6%
APG,Extended,Uncategorized,Industrials,Capital Goods,Adj,Dec,41.36,,,,+8.1%,-6.9%,+19.5%
CACC,Extended,Uncategorized,Financials,Financial Services,Adj,Dec,625.97,,,,+41.2%,+34.6%,+18.0%
GL,Extended,Uncategorized,Financials,Insurance,Adj,Dec,179.13,,,,+28.1%,+22.8%,+50.4%
LAD,Extended,Uncategorized,Consumer Discretionary,Consumer Discretionary Distrib,Adj,Dec,313.74,,,,-5.6%,+14.9%,-12.0%
CHTR,Extended,Uncategorized,Communication Services,Media & Entertainment,Adj,Dec,130.73,,,,-37.4%,-40.3%,-67.4%
ABG,Extended,Uncategorized,Consumer Discretionary,Consumer Discretionary Distrib,Adj,Dec,211.97,,,,-8.8%,+3.9%,-20.3%
ALRM,Extended,Uncategorized,Information Technology,Software & Services,Adj,Dec,51.5,,,,+0.9%,+20.8%,-9.0%
OPTU,Extended,Uncategorized,Communication Services,Media & Entertainment,Adj,Dec,1.07,,,,-35.2%,-18.9%,-59.6%
CMCSA,Extended,Uncategorized,Communication Services,Telecommunication Services,Adj,Dec,23.57,,,,-15.8%,-15.6%,-29.0%
WRLD,Extended,Uncategorized,Financials,Financial Services,Adj,Mar,199.78,,,,+42.3%,+34.3%,+14.1%
CARG,Extended,Uncategorized,Communication Services,Media & Entertainment,Adj,Dec,34.18,,,,-10.9%,+0.1%,-1.4%
ARMK,Extended,Uncategorized,Consumer Discretionary,Consumer Services,Adj,Sep,57.88,,,,+57.0%,+35.0%,+32.7%
QSR,Extended,Uncategorized,Consumer Discretionary,Consumer Services,Adj,Dec,75.26,,,,+10.3%,-1.5%,+11.1%
W,Extended,Uncategorized,Consumer Discretionary,Consumer Discretionary Distrib,Adj,Dec,89.23,,,,-11.1%,+24.5%,+51.7%
MO,Extended,Uncategorized,Consumer Staples,"Food, Beverage & Tobacco",Adj,Dec,71.79,,,,+24.5%,+6.5%,+22.6%
CI,Extended,Uncategorized,Health Care,Health Care Equipment & Servic,Adj,Dec,293.46,,,,+6.6%,+8.2%,-5.0%
CVS,Extended,Uncategorized,Health Care,Health Care Equipment & Servic,Adj,Dec,104.15,,,,+31.2%,+31.3%,+58.7%
SSNC,Extended,Uncategorized,Industrials,Commercial & Professional Serv,Adj,Dec,66.62,,,,-23.8%,-1.0%,-20.3%
SPOT,Extended,Uncategorized,Communication Services,Media & Entertainment,Adj,Dec,479.77,,,,-17.4%,+0.8%,-32.4%
BABA,Extended,Uncategorized,Consumer Discretionary,Consumer Discretionary Distrib,GAAP,Mar,112.33,,,,-23.4%,-11.8%,+5.3%
IAC,Extended,Uncategorized,Communication Services,Media & Entertainment,Adj,Dec,,,,,,,
PYPL,Extended,Uncategorized,Financials,Financial Services,Adj,Dec,46.32,,,,-20.7%,+2.4%,-38.8%
THC,Extended,Healthcare providers,Health Care,Health Care Equipment & Servic,Adj,Dec,204.25,,,,+2.8%,+4.6%,+17.6%
UHS,Extended,Healthcare providers,Health Care,Health Care Equipment & Servic,Adj,Dec,155.57,,,,-28.6%,-13.9%,-15.5%
CYH,Extended,Healthcare providers,Health Care,Health Care Equipment & Servic,Adj,Dec,3.57,,,,+14.4%,+13.3%,-0.3%
DVA,Extended,Healthcare providers,Health Care,Health Care Equipment & Servic,Adj,Dec,232.8,,,,+104.9%,+55.1%,+62.3%
LH,Extended,Healthcare providers,Health Care,Health Care Equipment & Servic,Adj,Dec,276.81,,,,+10.3%,+6.1%,+9.1%
DGX,Extended,Healthcare providers,Health Care,Health Care Equipment & Servic,Adj,Dec,207.44,,,,+19.5%,+8.3%,+21.0%
IDXX,Extended,Healthcare providers,Health Care,Health Care Equipment & Servic,Adj,Dec,563.57,,,,-16.7%,+0.1%,+4.2%
ENSG,Extended,Healthcare providers,Health Care,Health Care Equipment & Servic,Adj,Dec,168.59,,,,-3.2%,-15.3%,+15.7%
MD,Extended,Healthcare providers,Health Care,Health Care Equipment & Servic,Adj,Dec,26.27,,,,+22.8%,+22.5%,+94.6%
AMN,Extended,Healthcare providers,Health Care,Health Care Equipment & Servic,Adj,Dec,32.37,,,,+105.4%,+81.1%,+46.5%
CCRN,Extended,Healthcare providers,Health Care,Health Care Equipment & Servic,Adj,Dec,13.22,,,,+63.2%,+39.5%,+6.1%
EVH,Extended,Healthcare providers,Health Care,Health Care Equipment & Servic,Adj,Dec,5.88,,,,+47.0%,+152.4%,-47.6%
HUM,Extended,Managed Care,Health Care,Health Care Equipment & Servic,Adj,Dec,392.22,,,,+53.1%,+104.1%,+68.9%
ALHC,Extended,Managed Care,Health Care,Health Care Equipment & Servic,Adj,Dec,19.83,,,,+0.4%,-3.3%,+48.2%
CNC,Extended,Managed Care,Health Care,Health Care Equipment & Servic,Adj,Dec,67.35,,,,+63.7%,+80.6%,+107.1%
MOH,Extended,Managed Care,Health Care,Health Care Equipment & Servic,Adj,Dec,233.31,,,,+34.4%,+59.9%,+2.1%
IQV,Extended,Clinical Labs,Health Care,"Pharmaceuticals, Biotechnology",Adj,Dec,207.85,,,,-7.8%,+24.2%,+25.6%
ICLR,Extended,Clinical Labs,Health Care,"Pharmaceuticals, Biotechnology",Adj,Dec,167.72,,,,-8.0%,+57.0%,+10.3%
MEDP,Extended,Clinical Labs,Health Care,"Pharmaceuticals, Biotechnology",Adj,Dec,538.23,,,,-4.2%,+9.1%,+64.0%
CRL,Extended,Clinical Labs,Health Care,"Pharmaceuticals, Biotechnology",Adj,Dec,233.41,,,,+17.0%,+32.9%,+42.6%
EHTH,Extended,Clinical Labs,Financials,Insurance,Adj,Dec,1.62,,,,-64.8%,+22.7%,-60.9%
TMUS,Extended,Cable / Telco,Communication Services,Telecommunication Services,GAAP,Dec,187.61,,,,-7.6%,-4.1%,-17.8%
VZ,Extended,Cable / Telco,Communication Services,Telecommunication Services,Adj,Dec,42.12,,,,+3.4%,-8.5%,+0.2%
T,Extended,Cable / Telco,Communication Services,Telecommunication Services,Adj,Dec,21.13,,,,-14.9%,-20.1%,-23.5%
CABO,Extended,Cable / Telco,Communication Services,Media & Entertainment,Adj,Dec,36.19,,,,-67.9%,-60.6%,-72.7%
LBRDK,Extended,Cable / Telco,Communication Services,Media & Entertainment,Adj,Dec,30.71,,,,-36.8%,-39.9%,-66.3%
VOD,Extended,Cable / Telco,Communication Services,Telecommunication Services,Adj,Mar,14.72,,,,+11.4%,-6.2%,+34.9%
DTE,Extended,Cable / Telco,Communication Services,Telecommunication Services,Adj,Dec,26.12,,,,-5.6%,-15.7%,-14.5%
TEF,Extended,Cable / Telco,Communication Services,Telecommunication Services,Adj,Dec,3.526,,,,+0.9%,-8.2%,-21.5%
GOOGL,Extended,Internet,Communication Services,Media & Entertainment,GAAP,Dec,357.18,,,,+14.1%,+12.6%,+101.1%
PINS,Extended,Internet,Communication Services,Media & Entertainment,Adj,Dec,22.52,,,,-13.0%,+27.8%,-37.1%
SNAP,Extended,Internet,Communication Services,Media & Entertainment,Adj,Dec,4.68,,,,-42.0%,-2.9%,-49.9%
RDDT,Extended,Internet,Communication Services,Media & Entertainment,Adj,Dec,195.34,,,,-15.0%,+39.8%,+36.6%
ABNB,Extended,Internet,Consumer Discretionary,Consumer Services,Adj,Dec,148.62,,,,+9.5%,+15.2%,+8.5%
EBAY,Extended,Internet,Consumer Discretionary,Consumer Discretionary Distrib,Adj,Dec,117.2,,,,+34.6%,+22.9%,+51.8%
TTD,Extended,Internet,Communication Services,Media & Entertainment,Adj,Dec,19.53,,,,-48.6%,-2.8%,-74.6%
ROKU,Extended,Internet,Communication Services,Media & Entertainment,Adj,Dec,140.69,,,,+29.7%,+37.3%,+55.9%
ETSY,Extended,Internet,Consumer Discretionary,Consumer Discretionary Distrib,Adj,Dec,81.05,,,,+46.2%,+53.8%,+39.4%
MTCH,Extended,Internet,Communication Services,Media & Entertainment,Adj,Dec,38.85,,,,+20.3%,+22.6%,+15.6%
U,Extended,Internet,Information Technology,Software & Services,Adj,Dec,30.89,,,,-30.1%,+42.9%,+5.9%
ZG,Extended,Internet,Real Estate,Real Estate Management & Devel,Adj,Dec,32.0,,,,-53.1%,-19.9%,-58.0%
RMV,Extended,Internet,Communication Services,Media & Entertainment,Adj,Dec,434.3,,,,-16.4%,+0.2%,-44.5%
YELP,Extended,Internet,Communication Services,Media & Entertainment,Adj,Dec,25.81,,,,-15.1%,+1.4%,-26.5%
ANGI,Extended,Internet,Communication Services,Media & Entertainment,Adj,Dec,6.24,,,,-51.7%,-8.9%,-63.0%
TREE,Extended,Internet,Financials,Financial Services,Adj,Dec,45.3,,,,-14.7%,+9.5%,+11.2%
XYZ,Extended,Internet,Financials,Financial Services,Adj,Dec,77.3,,,,+18.8%,+24.3%,+12.4%
CRTO,Extended,Internet,Communication Services,Media & Entertainment,Adj,Dec,22.88,,,,+11.0%,+28.4%,-5.7%
CARS,Extended,Internet,Communication Services,Media & Entertainment,Adj,Dec,11.09,,,,-9.1%,+13.7%,-13.0%
OCDO,Extended,Internet,Consumer Staples,Consumer Staples Distribution,Adj,Nov,176.6,,,,-25.2%,-5.9%,-27.1%
VRSN,Extended,Internet,Information Technology,Software & Services,Adj,Dec,270.11,,,,+11.2%,+4.0%,-5.3%
CDLX,Extended,Internet,Communication Services,Media & Entertainment,Adj,Dec,4.32,,,,-62.4%,-51.8%,-75.9%
DHER,Extended,Internet,Consumer Discretionary,Consumer Services,Adj,Dec,36.21,,,,+59.4%,+112.7%,+41.4%
PTON,Extended,Internet,Consumer Discretionary,Consumer Durables & Apparel,Adj,Jun,5.86,,,,-4.9%,+26.8%,-12.8%
LYFT,Extended,Internet,Industrials,Transportation,Adj,Dec,15.61,,,,-19.4%,+18.0%,+1.9%
PRX,Extended,Internet,Consumer Discretionary,Consumer Discretionary Distrib,Adj,Mar,39.545,,,,-25.2%,-4.8%,-17.5%
AUTO,Extended,Internet,Communication Services,Media & Entertainment,Adj,Mar,499.0,,,,-14.9%,+5.2%,-39.2%
DKNG,Extended,Internet,Consumer Discretionary,Consumer Services,Adj,Dec,26.475,,,,-23.2%,+19.1%,-40.6%
FLUT,Extended,Internet,Consumer Discretionary,Consumer Services,Adj,Dec,110.66,,,,-48.5%,+8.1%,-61.8%
FLTR,Extended,Internet,Consumer Discretionary,Consumer Services,Adj,Dec,8420.0,,,,-47.8%,+10.6%,-60.5%
WMG,Extended,Internet,Communication Services,Media & Entertainment,Adj,Sep,28.99,,,,-5.5%,+1.7%,-3.1%
SCOR,Extended,Internet,Communication Services,Media & Entertainment,Adj,Dec,7.45,,,,+14.6%,+0.3%,+30.2%
ASM,Extended,Technology,Information Technology,Semiconductors & Semiconductor,Adj,Dec,910.4,,,,+75.9%,+20.1%,+73.0%
ARM,Extended,Technology,Information Technology,Semiconductors & Semiconductor,GAAP,Mar,323.39,,,,+195.8%,+117.1%,+117.7%
MRVL,Extended,Technology,Information Technology,Semiconductors & Semiconductor,GAAP,Jan,235.81,,,,+177.5%,+83.5%,+221.4%
AMD,Extended,Technology,Information Technology,Semiconductors & Semiconductor,GAAP,Dec,557.89,,,,+160.5%,+127.7%,+287.0%
INTC,Extended,Technology,Information Technology,Semiconductors & Semiconductor,GAAP,Dec,109.84,,,,+197.7%,+76.1%,+361.1%
TXN,Extended,Technology,Information Technology,Semiconductors & Semiconductor,GAAP,Dec,311.46,,,,+79.5%,+45.0%,+41.8%
ADI,Extended,Technology,Information Technology,Semiconductors & Semiconductor,Adj,Oct,395.65,,,,+45.9%,+13.0%,+61.4%
005930,Extended,Technology,Information Technology,Technology Hardware & Equipmen,GAAP,Dec,286500.0,,,,+138.0%,+38.4%,+357.7%
000660,Extended,Technology,Information Technology,Semiconductors & Semiconductor,GAAP,Dec,2201000.0,,,,+237.6%,+114.5%,+647.4%
WDC,Extended,Technology,Information Technology,Technology Hardware & Equipmen,GAAP,Jun,582.585,,,,+238.2%,+69.6%,+795.5%
SNDK,Extended,Technology,Information Technology,Technology Hardware & Equipmen,GAAP,Jun,1915.92,,,,+707.1%,+124.9%,+3980.8%
CLS,Extended,Technology,Information Technology,Technology Hardware & Equipmen,Adj,Dec,359.85,,,,+21.7%,+2.4%,+126.6%
QRVO,Extended,Technology,Information Technology,Semiconductors & Semiconductor,Adj,Mar,85.81,,,,+1.5%,+7.5%,-5.0%
SWKS,Extended,Technology,Information Technology,Semiconductors & Semiconductor,Adj,Sep,60.38,,,,-4.8%,+7.1%,-22.3%
DELL,Extended,Technology,Information Technology,Technology Hardware & Equipmen,GAAP,Jan,434.97,,,,+245.5%,+144.6%,+240.1%
SMCI,Extended,Technology,Information Technology,Technology Hardware & Equipmen,Adj,Jun,28.31,,,,-3.3%,+12.1%,-43.8%
IBM,Extended,Technology,Information Technology,Software & Services,GAAP,Dec,287.56,,,,-2.9%,+24.6%,+0.0%
XRX,Extended,Technology,Information Technology,Technology Hardware & Equipmen,Adj,Dec,2.82,,,,+19.0%,+131.1%,-45.1%
HPE,Extended,Technology,Information Technology,Technology Hardware & Equipmen,Adj,Oct,48.54,,,,+102.1%,+95.0%,+128.0%
HPQ,Extended,Technology,Information Technology,Technology Hardware & Equipmen,Adj,Oct,24.22,,,,+8.7%,+32.6%,-5.9%
FLEX,Extended,Technology,Information Technology,Technology Hardware & Equipmen,Adj,Mar,135.8,,,,+124.8%,+77.0%,+161.5%
CDW,Extended,Technology,Information Technology,Technology Hardware & Equipmen,Adj,Dec,144.39,,,,+6.0%,+15.0%,-19.6%
SNX,Extended,Technology,Information Technology,Technology Hardware & Equipmen,Adj,Nov,251.52,,,,+67.4%,+26.0%,+76.7%
AVT,Extended,Technology,Information Technology,Technology Hardware & Equipmen,Adj,Jun,87.13,,,,+81.2%,+30.0%,+54.8%
ARW,Extended,Technology,Information Technology,Technology Hardware & Equipmen,Adj,Dec,206.41,,,,+87.3%,+30.5%,+54.9%
BA,Extended,Aerospace / defense,Industrials,Capital Goods,Adj,Dec,222.28,,,,+2.4%,+2.1%,-1.7%
AIR,Extended,Aerospace / defense,Industrials,Capital Goods,Adj,Dec,197.26,,,,-0.6%,+16.4%,+7.6%
SAF,Extended,Aerospace / defense,Industrials,Capital Goods,Adj,Dec,336.1,,,,+13.0%,+7.3%,+21.8%
RTX,Extended,Aerospace / defense,Industrials,Capital Goods,GAAP,Dec,195.93,,,,+6.8%,-2.8%,+33.8%
LMT,Extended,Aerospace / defense,Industrials,Capital Goods,Adj,Dec,523.22,,,,+8.2%,-14.7%,+12.7%
GD,Extended,Aerospace / defense,Industrials,Capital Goods,Adj,Dec,375.06,,,,+11.4%,+11.9%,+23.6%
NOC,Extended,Aerospace / defense,Industrials,Capital Goods,Adj,Dec,539.63,,,,-5.4%,-19.9%,+5.0%
MOG/A,Extended,Aerospace / defense,Industrials,Capital Goods,Adj,Sep,407.11,,,,+67.2%,+30.5%,+122.0%
HEI,Extended,Aerospace / defense,Industrials,Capital Goods,Adj,Oct,350.92,,,,+8.4%,+21.4%,+12.6%
RR/,Extended,Aerospace / defense,Industrials,Capital Goods,Adj,Dec,1438.4,,,,+25.1%,+13.5%,+47.5%
CRS,Extended,Aerospace / defense,Industrials,Capital Goods,Adj,Jun,578.61,,,,+83.8%,+32.9%,+109.1%
HWM,Extended,Aerospace / defense,Industrials,Capital Goods,Adj,Dec,270.85,,,,+32.1%,+7.2%,+51.7%
WWD,Extended,Aerospace / defense,Industrials,Capital Goods,Adj,Sep,406.4,,,,+34.4%,+4.6%,+65.0%
HXL,Extended,Aerospace / defense,Industrials,Capital Goods,Adj,Dec,99.15,,,,+34.2%,+18.6%,+66.4%
AL,Extended,Aerospace / defense,,,Adj,Dec,,,,,,,
2588,Extended,Aerospace / defense,Industrials,Capital Goods,Adj,Dec,78.95,,,,+8.4%,-5.2%,+7.6%
FDS,Extended,Data / Information Svc,Financials,Financial Services,Adj,Aug,247.11,,,,-14.8%,+16.8%,-45.1%
EXPN,Extended,Data / Information Svc,Industrials,Commercial & Professional Serv,Adj,Mar,2617.0,,,,-22.2%,+1.9%,-33.0%
EFX,Extended,Data / Information Svc,Industrials,Commercial & Professional Serv,Adj,Dec,166.44,,,,-23.3%,-6.5%,-37.2%
TRU,Extended,Data / Information Svc,Industrials,Commercial & Professional Serv,Adj,Dec,75.02,,,,-12.5%,+10.5%,-21.0%
ADP,Extended,Data / Information Svc,Industrials,Commercial & Professional Serv,Adj,Jun,241.92,,,,-6.0%,+28.1%,-20.9%
PAYX,Extended,Data / Information Svc,Industrials,Commercial & Professional Serv,Adj,May,107.54,,,,-4.1%,+25.7%,-26.0%
PAYC,Extended,Data / Information Svc,Industrials,Commercial & Professional Serv,Adj,Dec,139.08,,,,-12.7%,+22.4%,-39.4%
MKTX,Extended,Data / Information Svc,Financials,Financial Services,Adj,Dec,113.86,,,,-37.2%,-33.8%,-48.0%
VRSK,Extended,Data / Information Svc,Industrials,Commercial & Professional Serv,Adj,Dec,185.39,,,,-17.1%,+12.9%,-38.8%
EXPE,Extended,Travel / tourism,Consumer Discretionary,Consumer Services,Adj,Dec,270.83,,,,-4.4%,+18.7%,+48.0%
TRIP,Extended,Travel / tourism,Communication Services,Media & Entertainment,Adj,Dec,13.98,,,,-4.0%,+28.0%,-23.0%
UHAL,Extended,Travel / tourism,Industrials,Transportation,Adj,Mar,67.35,,,,+33.6%,+31.5%,+8.3%
MGM,Extended,Travel / tourism,Consumer Discretionary,Consumer Services,Adj,Dec,46.88,,,,+28.5%,+25.6%,+20.7%
WYNN,Extended,Travel / tourism,Consumer Discretionary,Consumer Services,Adj,Dec,99.77,,,,-17.1%,-4.1%,-10.9%
H,Extended,Travel / tourism,Consumer Discretionary,Consumer Services,Adj,Dec,191.14,,,,+19.2%,+23.1%,+25.5%
IHG,Extended,Travel / tourism,Consumer Discretionary,Consumer Services,Adj,Dec,165.3,,,,+17.5%,+17.7%,+36.3%
AMS,Extended,Travel / tourism,Consumer Discretionary,Consumer Services,Adj,Dec,50.74,,,,-19.3%,+3.0%,-29.7%
SABR,Extended,Travel / tourism,Consumer Discretionary,Consumer Services,Adj,Dec,1.85,,,,+36.0%,+21.7%,-43.9%
EFN,Extended,Travel / tourism,Industrials,Commercial & Professional Serv,Adj,Dec,29.83,,,,-17.3%,-7.0%,-15.4%
CAR,Extended,Travel / tourism,Industrials,Transportation,Adj,Dec,156.19,,,,+21.7%,-47.9%,-17.4%
HTZ,Extended,Travel / tourism,Industrials,Transportation,Adj,Dec,2.05,,,,-60.1%,-67.6%,-74.3%
DAL,Extended,Travel / tourism,Industrials,Transportation,Adj,Dec,87.39,,,,+25.9%,+28.9%,+53.9%
UAL,Extended,Travel / tourism,Industrials,Transportation,Adj,Dec,126.0,,,,+12.7%,+30.7%,+37.4%
AAL,Extended,Travel / tourism,Industrials,Transportation,Adj,Dec,16.95,,,,+10.6%,+49.7%,+31.0%
LHA,Extended,Travel / tourism,Industrials,Transportation,Adj,Dec,9.512,,,,+13.2%,+19.7%,+26.9%
RYAAY,Extended,Travel / tourism,Industrials,Transportation,Adj,Mar,64.63,,,,-10.5%,+3.6%,+10.9%
LUV,Extended,Travel / tourism,Industrials,Transportation,Adj,Dec,48.43,,,,+17.2%,+22.4%,+29.7%
ULCC,Extended,Travel / tourism,Industrials,Transportation,Adj,Dec,6.94,,,,+47.3%,+81.7%,+59.2%
MTN,Extended,Travel / tourism,Consumer Discretionary,Consumer Services,Adj,Jul,150.14,,,,+13.1%,+17.4%,-11.5%
RCL,Extended,Travel / tourism,Consumer Discretionary,Consumer Services,Adj,Dec,285.37,,,,+2.3%,+3.0%,-16.4%
CCL,Extended,Travel / tourism,Consumer Discretionary,Consumer Services,Adj,Nov,26.83,,,,-12.1%,-4.1%,-7.8%
PK,Extended,Travel / tourism,Real Estate,Equity Real Estate Investment,Adj,Dec,14.17,,,,+35.5%,+26.5%,+25.0%
ORCL,Extended,Software,Information Technology,Software & Services,GAAP,May,140.64,,,,-27.8%,+1.8%,-40.2%
INTU,Extended,Software,Information Technology,Software & Services,Adj,Jul,274.96,,,,-58.5%,-21.7%,-63.2%
SAP,Extended,Software,Information Technology,Software & Services,Adj,Dec,137.58,,,,-34.0%,-1.3%,-47.7%
CRWD,Extended,Software,Information Technology,Software & Services,Adj,Jan,187.18,,,,+59.7%,+97.5%,+53.7%
PLTR,Extended,Software,Information Technology,Software & Services,GAAP,Dec,126.79,,,,-28.7%,-1.0%,-11.0%
PANW,Extended,Software,Information Technology,Software & Services,GAAP,Jul,325.91,,,,+76.9%,+109.3%,+69.7%
FTNT,Extended,Software,Information Technology,Software & Services,Adj,Dec,157.51,,,,+98.4%,+105.4%,+57.2%
TEAM,Extended,Software,Information Technology,Software & Services,Adj,Jun,88.86,,,,-45.2%,+55.5%,-55.6%
TYL,Extended,Software,Information Technology,Software & Services,Adj,Dec,309.48,,,,-31.8%,-2.5%,-44.7%
BLKB,Extended,Software,Information Technology,Software & Services,Adj,Dec,29.59,,,,-53.3%,-13.7%,-55.1%
TWLO,Extended,Software,Information Technology,Software & Services,Adj,Dec,214.56,,,,+50.8%,+82.4%,+82.9%
DBX,Extended,Software,Information Technology,Software & Services,Adj,Dec,29.19,,,,+5.0%,+32.3%,+6.8%
BOX,Extended,Software,Information Technology,Software & Services,Adj,Jan,28.64,,,,-4.2%,+34.0%,-13.8%
ZM,Extended,Software,Information Technology,Software & Services,Adj,Jan,89.76,,,,+4.0%,+13.3%,+19.6%
AXON,Extended,Software,Industrials,Capital Goods,Adj,Dec,565.8,,,,-0.4%,+63.6%,-22.8%
UPLD,Extended,Software,Information Technology,Software & Services,Adj,Dec,4.97,,,,-65.2%,-23.2%,-74.8%
SNOW,Extended,Software,Information Technology,Software & Services,Adj,Jan,261.45,,,,+19.2%,+115.9%,+21.9%
BILL,Extended,Software,Information Technology,Software & Services,Adj,Jun,41.36,,,,-24.2%,+19.2%,-10.8%
WIX,Extended,Software,Information Technology,Software & Services,Adj,Dec,50.14,,,,-51.7%,-23.0%,-67.8%
DOCU,Extended,Software,Information Technology,Software & Services,Adj,Jan,49.18,,,,-28.1%,+14.7%,-35.6%
DDOG,Extended,Software,Information Technology,Software & Services,Adj,Dec,257.54,,,,+89.4%,+144.4%,+87.3%
MDB,Extended,Software,Information Technology,Software & Services,Adj,Jan,342.08,,,,-18.5%,+51.4%,+63.5%
ESTC,Extended,Software,Information Technology,Software & Services,Adj,Apr,60.24,,,,-20.1%,+39.1%,-28.9%
DT,Extended,Software,Information Technology,Software & Services,Adj,Mar,43.68,,,,+0.8%,+35.0%,-17.3%
GTM,Extended,Software,Communication Services,Media & Entertainment,Adj,Dec,2.92,,,,-71.3%,-44.2%,-71.8%
RAMP,Extended,Software,Information Technology,Software & Services,Adj,Mar,37.88,,,,+29.0%,+47.1%,+13.1%
PAR,Extended,Software,Information Technology,Software & Services,Adj,Dec,16.88,,,,-53.5%,+42.8%,-75.8%
FSLY,Extended,Software,Information Technology,Software & Services,Adj,Dec,19.59,,,,+92.4%,-15.1%,+182.7%
ASAN,Extended,Software,Information Technology,Software & Services,Adj,Jan,7.33,,,,-46.5%,+34.2%,-49.2%
APPN,Extended,Software,Information Technology,Software & Services,Adj,Dec,25.36,,,,-28.4%,+25.4%,-16.9%
BL,Extended,Software,Information Technology,Software & Services,Adj,Dec,29.13,,,,-47.3%,-3.8%,-48.0%
DSY,Extended,Software,Information Technology,Software & Services,Adj,Dec,18.235,,,,-23.5%,+8.4%,-43.3%
WK,Extended,Software,Information Technology,Software & Services,Adj,Dec,52.17,,,,-39.5%,-0.4%,-25.5%
AXP,Extended,Payments,Financials,Financial Services,GAAP,Dec,350.58,,,,-5.2%,+11.8%,+7.8%
ADYEN,Extended,Payments,Financials,Financial Services,Adj,Dec,846.6,,,,-38.4%,-1.4%,-44.0%
STNE,Extended,Payments,Financials,Financial Services,Adj,Dec,11.21,,,,-8.3%,-3.5%,-15.3%
NU,Extended,Payments,Financials,Banks,Adj,Dec,13.76,,,,-17.8%,-8.0%,+5.6%
FISV,Extended,Payments,Financials,Financial Services,Adj,Dec,50.45,,,,-24.9%,-10.1%,-70.3%
FIS,Extended,Payments,Financials,Financial Services,Adj,Dec,41.98,,,,-36.8%,-3.2%,-47.7%
GPN,Extended,Payments,Financials,Financial Services,Adj,Dec,76.04,,,,-1.8%,+16.2%,-6.4%
TOST,Extended,Payments,Financials,Financial Services,Adj,Dec,29.32,,,,-17.4%,+15.4%,-33.8%
FOUR,Extended,Payments,Financials,Financial Services,Adj,Dec,50.81,,,,-19.3%,+15.0%,-51.0%
CPAY,Extended,Payments,Financials,Financial Services,Adj,Dec,353.64,,,,+17.5%,+16.8%,+5.4%
SEIC,Extended,Payments,Financials,Financial Services,Adj,Dec,95.45,,,,+16.4%,+24.0%,+1.8%
DBD,Extended,Payments,Information Technology,Technology Hardware & Equipmen,Adj,Dec,85.26,,,,+25.6%,+0.6%,+41.6%
JKHY,Extended,Payments,Financials,Financial Services,Adj,Jun,150.32,,,,-17.6%,+2.1%,-16.3%
WU,Extended,Payments,Financials,Financial Services,Adj,Dec,7.84,,,,-15.8%,-11.7%,-8.7%
FCFS,Extended,Payments,Financials,Financial Services,Adj,Dec,218.61,,,,+37.2%,+8.4%,+64.7%
EEFT,Extended,Payments,Financials,Financial Services,Adj,Dec,77.29,,,,+1.6%,+12.8%,-28.0%
WEX,Extended,Payments,Financials,Financial Services,Adj,Dec,157.5,,,,+5.7%,-1.1%,+2.1%
EQT,Extended,Financials and related,Energy,Energy,Adj,Dec,48.85,,,,-8.9%,-16.8%,-10.4%
HLNE,Extended,Financials and related,Financials,Financial Services,Adj,Mar,81.09,,,,-39.6%,-12.1%,-47.1%
STEP,Extended,Financials and related,Financials,Financial Services,Adj,Mar,42.96,,,,-32.2%,-5.2%,-27.7%
TROW,Extended,Financials and related,Financials,Financial Services,Adj,Dec,118.55,,,,+15.8%,+29.6%,+15.1%
SYF,Extended,Financials and related,Financials,Financial Services,Adj,Dec,72.44,,,,-13.2%,+0.0%,+1.8%
BFH,Extended,Financials and related,Financials,Financial Services,Adj,Dec,96.5,,,,+30.4%,+22.2%,+54.3%
ICE,Extended,Financials and related,Financials,Financial Services,Adj,Dec,135.26,,,,-16.5%,-15.8%,-25.6%
CME,Extended,Financials and related,Financials,Financial Services,Adj,Dec,240.27,,,,-10.3%,-18.6%,-11.0%
SLM,Extended,Financials and related,Financials,Financial Services,Adj,Dec,24.96,,,,-7.8%,+16.3%,-26.0%
CBOE,Extended,Financials and related,Financials,Financial Services,Adj,Dec,268.07,,,,+6.8%,-9.4%,+14.3%
NDAQ,Extended,Financials and related,Financials,Financial Services,Adj,Dec,88.08,,,,-9.3%,+5.9%,-2.9%
NAVI,Extended,Financials and related,Financials,Financial Services,Adj,Dec,8.24,,,,-36.6%,+3.8%,-47.1%
FG,Extended,Financials and related,Financials,Insurance,Adj,Dec,29.67,,,,-3.8%,+23.5%,-4.0%
BEN,Extended,Financials and related,Financials,Financial Services,Adj,Sep,33.5,,,,+40.2%,+34.5%,+33.3%
ALLY,Extended,Financials and related,Financials,Financial Services,Adj,Dec,45.59,,,,+0.7%,+10.5%,+12.5%
RM,Extended,Financials and related,Financials,Financial Services,Adj,Dec,43.5,,,,+12.3%,+19.6%,+30.6%
OMF,Extended,Financials and related,Financials,Financial Services,Adj,Dec,59.25,,,,-12.3%,+5.9%,-0.9%
OPRT,Extended,Financials and related,Financials,Financial Services,Adj,Dec,6.01,,,,+13.6%,+22.4%,-13.9%
ENVA,Extended,Financials and related,Financials,Financial Services,Adj,Dec,238.09,,,,+51.5%,+64.3%,+103.1%
ECPG,Extended,Financials and related,Financials,Financial Services,Adj,Dec,92.58,,,,+70.3%,+22.7%,+125.1%
EQR,Extended,Financials and related,Real Estate,Equity Real Estate Investment,Adj,Dec,68.69,,,,+9.0%,+12.3%,+2.4%
MCD,Extended,Food / Restaurants,Consumer Discretionary,Consumer Services,Adj,Dec,274.6,,,,-10.2%,-10.2%,-8.0%
YUM,Extended,Food / Restaurants,Consumer Discretionary,Consumer Services,Adj,Dec,163.54,,,,+8.1%,+1.1%,+7.3%
WEN,Extended,Food / Restaurants,Consumer Discretionary,Consumer Services,Adj,Dec,7.55,,,,-9.4%,+9.6%,-33.1%
YUMC,Extended,Food / Restaurants,Consumer Discretionary,Consumer Services,Adj,Dec,43.02,,,,-9.9%,-13.5%,-10.2%
SBUX,Extended,Food / Restaurants,Consumer Discretionary,Consumer Services,Adj,Sep,106.01,,,,+25.9%,+9.7%,+11.4%
WING,Extended,Food / Restaurants,Consumer Discretionary,Consumer Services,Adj,Dec,153.29,,,,-35.7%,-14.8%,-53.6%
CAVA,Extended,Food / Restaurants,Consumer Discretionary,Consumer Services,Adj,Dec,72.18,,,,+23.0%,-15.0%,-21.1%
BROS,Extended,Food / Restaurants,Consumer Discretionary,Consumer Services,Adj,Dec,67.56,,,,+10.4%,+20.9%,+6.0%
SHAK,Extended,Food / Restaurants,Consumer Discretionary,Consumer Services,Adj,Dec,58.6,,,,-27.8%,-40.6%,-58.7%
ARCO,Extended,Food / Restaurants,Consumer Discretionary,Consumer Services,Adj,Dec,8.46,,,,+15.3%,-0.5%,+11.5%
EAT,Extended,Food / Restaurants,Consumer Discretionary,Consumer Services,Adj,Dec,10.7,,,,-20.1%,-8.5%,-32.1%
DMP,Extended,Food / Restaurants,Consumer Discretionary,Consumer Services,Adj,Jun,16.09,,,,-23.4%,-9.6%,-11.8%
DOM,Extended,Food / Restaurants,Consumer Discretionary,Consumer Services,Adj,Dec,189.0,,,,+9.0%,+4.9%,-25.4%
LW,Extended,Food / Restaurants,Consumer Staples,"Food, Beverage & Tobacco",Adj,May,46.45,,,,+10.9%,+10.1%,-9.6%
SYY,Extended,Food / Restaurants,Consumer Staples,Consumer Staples Distribution,Adj,Jun,83.83,,,,+13.8%,+15.1%,+8.2%
USFD,Extended,Food / Restaurants,Consumer Staples,Consumer Staples Distribution,Adj,Dec,100.98,,,,+34.1%,+10.5%,+25.8%
PZZA,Extended,Food / Restaurants,Consumer Discretionary,Consumer Services,Adj,Dec,33.49,,,,-13.0%,-6.0%,-30.3%
CASY,Extended,Food / Restaurants,Consumer Staples,Consumer Staples Distribution,Adj,Apr,819.83,,,,+48.3%,+11.1%,+56.6%
ACI,Extended,Food / Restaurants,Consumer Staples,Consumer Staples Distribution,Adj,Feb,14.76,,,,-14.0%,-14.6%,-33.8%
DIN,Extended,Food / Restaurants,Consumer Discretionary,Consumer Services,Adj,Dec,35.71,,,,+11.1%,+38.3%,+42.1%
KR,Extended,Food / Restaurants,Consumer Staples,Consumer Staples Distribution,Adj,Jan,60.54,,,,-3.1%,-11.0%,-14.4%
MRSH,Extended,Insurance Brokers / Consultants,Financials,Insurance,Adj,Dec,178.31,,,,-3.9%,+6.0%,-17.0%
WTW,Extended,Insurance Brokers / Consultants,Financials,Insurance,Adj,Dec,289.65,,,,-11.9%,+3.4%,-6.5%
AJG,Extended,Insurance Brokers / Consultants,Financials,Insurance,Adj,Dec,253.09,,,,-2.2%,+18.5%,-19.3%
BRO,Extended,Insurance Brokers / Consultants,Financials,Insurance,Adj,Dec,67.66,,,,-15.1%,+4.0%,-37.2%
ACN,Extended,Insurance Brokers / Consultants,Information Technology,Software & Services,Adj,Aug,135.23,,,,-49.6%,-24.7%,-53.1%
CTSH,Extended,Insurance Brokers / Consultants,Information Technology,Software & Services,Adj,Dec,42.57,,,,-48.7%,-26.5%,-44.5%
CNDT,Extended,Insurance Brokers / Consultants,Industrials,Commercial & Professional Serv,Adj,Dec,1.52,,,,-20.8%,+8.6%,-44.5%
TCS,Extended,Insurance Brokers / Consultants,Information Technology,Software & Services,GAAP,Mar,2069.0,,,,-34.5%,-18.0%,-35.7%
DXC,Extended,Insurance Brokers / Consultants,Information Technology,Software & Services,Adj,Mar,9.32,,,,-36.4%,-18.5%,-38.3%
RHI,Extended,Insurance Brokers / Consultants,Industrials,Commercial & Professional Serv,Adj,Dec,32.4,,,,+19.3%,+37.3%,-24.5%
MAN,Extended,Insurance Brokers / Consultants,Industrials,Commercial & Professional Serv,Adj,Dec,38.71,,,,+30.2%,+43.7%,-13.8%
FCN,Extended,Insurance Brokers / Consultants,Industrials,Commercial & Professional Serv,Adj,Dec,156.86,,,,-8.2%,-11.0%,-4.7%
JLL,Extended,Insurance Brokers / Consultants,Real Estate,Real Estate Management & Devel,Adj,Dec,324.44,,,,-3.6%,+2.1%,+24.9%
G,Extended,Insurance Brokers / Consultants,Industrials,Commercial & Professional Serv,Adj,Dec,29.37,,,,-37.2%,-14.1%,-35.2%
CBRE,Extended,Insurance Brokers / Consultants,Real Estate,Real Estate Management & Devel,Adj,Dec,139.53,,,,-13.2%,-1.2%,-1.2%
NSP,Extended,Insurance Brokers / Consultants,Industrials,Commercial & Professional Serv,Adj,Dec,45.51,,,,+17.5%,+81.8%,-24.8%
BAC,Extended,Banks,Financials,Banks,GAAP,Dec,59.67,,,,+8.5%,+13.6%,+27.0%
WFC,Extended,Banks,Financials,Banks,GAAP,Dec,87.16,,,,-6.5%,+2.1%,+5.8%
USB,Extended,Banks,Financials,Banks,Adj,Dec,62.41,,,,+17.0%,+12.1%,+31.2%
PNC,Extended,Banks,Financials,Banks,Adj,Dec,251.91,,,,+20.7%,+13.9%,+27.3%
GS,Extended,Banks,Financials,Financial Services,GAAP,Dec,1055.18,,,,+20.0%,+16.2%,+48.8%
MS,Extended,Banks,Financials,Financial Services,GAAP,Dec,222.28,,,,+25.2%,+25.1%,+55.3%
C,Extended,Banks,Financials,Banks,GAAP,Dec,140.79,,,,+20.7%,+13.2%,+61.7%
TFC,Extended,Banks,Financials,Banks,Adj,Dec,51.67,,,,+5.0%,+4.2%,+13.6%
MTB,Extended,Banks,Financials,Banks,Adj,Dec,242.34,,,,+20.3%,+10.2%,+18.8%
BK,Extended,Banks,Financials,Financial Services,Adj,Dec,,,,,,,
STT,Extended,Banks,Financials,Financial Services,Adj,Dec,180.22,,,,+39.7%,+29.3%,+63.5%
CB,Extended,Insurance and reinsurance,Financials,Insurance,Adj,Dec,347.83,,,,+11.4%,+6.1%,+24.0%
CCC,Extended,Insurance and reinsurance,Information Technology,Software & Services,Adj,Dec,5.92,,,,-25.5%,+18.6%,-39.3%
ALL,Extended,Insurance and reinsurance,Financials,Insurance,Adj,Dec,251.61,,,,+20.9%,+19.3%,+29.2%
TRV,Extended,Insurance and reinsurance,Financials,Insurance,Adj,Dec,338.92,,,,+16.8%,+14.0%,+32.4%
AIG,Extended,Insurance and reinsurance,Financials,Insurance,Adj,Dec,79.17,,,,-7.5%,+3.0%,-4.0%
ACGL,Extended,Insurance and reinsurance,Financials,Insurance,Adj,Dec,101.06,,,,+5.4%,+5.3%,+14.1%
HIG,Extended,Insurance and reinsurance,Financials,Insurance,Adj,Dec,138.78,,,,+0.7%,+1.1%,+13.8%
WRB,Extended,Insurance and reinsurance,Financials,Insurance,Adj,Dec,72.19,,,,+3.7%,+10.7%,+6.7%
MKL,Extended,Insurance and reinsurance,Financials,Insurance,Adj,Dec,1949.75,,,,-9.3%,+1.3%,-2.2%
MET,Extended,Insurance and reinsurance,Financials,Insurance,Adj,Dec,91.65,,,,+16.1%,+24.1%,+16.9%
PRU,Extended,Insurance and reinsurance,Financials,Insurance,Adj,Dec,115.37,,,,+2.2%,+19.1%,+7.7%
LNC,Extended,Insurance and reinsurance,Financials,Insurance,Adj,Dec,39.73,,,,-10.8%,+16.2%,+16.0%
PRI,Extended,Insurance and reinsurance,Financials,Insurance,Adj,Dec,304.56,,,,+17.9%,+16.6%,+13.9%
AFL,Extended,Insurance and reinsurance,Financials,Insurance,Adj,Dec,121.91,,,,+10.6%,+10.1%,+19.2%
DIS,Extended,Media content,Communication Services,Media & Entertainment,Adj,Sep,95.62,,,,-16.0%,-3.6%,-21.3%
FOXA,Extended,Media content,Communication Services,Media & Entertainment,Adj,Jun,54.12,,,,-25.9%,-11.3%,-4.6%
AMCX,Extended,Media content,Communication Services,Media & Entertainment,Adj,Dec,9.92,,,,+4.2%,+32.4%,+64.2%
TTWO,Extended,Media content,Communication Services,Media & Entertainment,Adj,Mar,243.2,,,,-5.0%,+23.4%,+3.3%
RBLX,Extended,Media content,Communication Services,Media & Entertainment,Adj,Dec,55.35,,,,-31.7%,-0.4%,-47.3%
EA,Extended,Media content,Communication Services,Media & Entertainment,Adj,Mar,206.41,,,,+1.0%,+1.8%,+36.4%
SBGI,Extended,Media content,Communication Services,Media & Entertainment,Adj,Dec,14.24,,,,-6.9%,-0.9%,-7.6%
TGNA,Extended,Media content,,,Adj,Dec,,,,,,,
NYT,Extended,Media content,Communication Services,Media & Entertainment,Adj,Dec,74.96,,,,+8.0%,-5.1%,+33.0%
NXST,Extended,Media content,Communication Services,Media & Entertainment,Adj,Dec,174.05,,,,-14.3%,-5.4%,-5.9%
FWONA,Extended,Media content,Communication Services,Media & Entertainment,Adj,Dec,88.19,,,,-1.3%,+8.1%,-5.4%
FWONK,Extended,Media content,Communication Services,Media & Entertainment,Adj,Dec,96.13,,,,-2.4%,+8.3%,-7.6%
LYV,Extended,Media content,Communication Services,Media & Entertainment,Adj,Dec,179.79,,,,+26.2%,+12.0%,+24.5%
SIRI,Extended,Media content,Communication Services,Media & Entertainment,Adj,Dec,30.42,,,,+52.1%,+28.4%,+24.2%
LBTYA,Extended,Media content,Communication Services,Telecommunication Services,Adj,Dec,10.61,,,,-4.8%,-12.4%,+3.7%
BATRK,Extended,Media content,Communication Services,Media & Entertainment,Adj,Dec,51.18,,,,+29.7%,+15.8%,+10.4%
LAMR,Extended,Media content,Real Estate,Equity Real Estate Investment,Adj,Dec,155.18,,,,+22.6%,+16.3%,+24.1%
OUT,Extended,Media content,Real Estate,Equity Real Estate Investment,Adj,Dec,33.04,,,,+37.1%,+13.4%,+88.5%
TV,Extended,Media content,Communication Services,Telecommunication Services,Adj,Dec,2.77,,,,-4.8%,-7.0%,+28.2%
LUMN,Extended,Media content,Communication Services,Telecommunication Services,Adj,Dec,6.73,,,,-13.4%,-9.5%,+49.2%
WPP,Extended,Media content,Communication Services,Media & Entertainment,Adj,Dec,274.6,,,,-18.6%,+9.7%,-36.6%
BCE,Extended,Media content,Communication Services,Telecommunication Services,Adj,Dec,30.28,,,,-7.5%,-6.3%,-7.9%
OMC,Extended,Media content,Communication Services,Media & Entertainment,Adj,Dec,81.93,,,,+1.5%,+9.6%,+11.6%
AMT,Extended,Telco infrastructure,Real Estate,Equity Real Estate Investment,Adj,Dec,168.59,,,,-4.0%,-6.0%,-23.7%
SBAC,Extended,Telco infrastructure,Real Estate,Equity Real Estate Investment,Adj,Dec,190.03,,,,-1.8%,-15.1%,-18.4%
CCI,Extended,Telco infrastructure,Real Estate,Equity Real Estate Investment,Adj,Dec,79.66,,,,-10.4%,-7.7%,-23.4%
EQIX,Extended,Telco infrastructure,Real Estate,Equity Real Estate Investment,Adj,Dec,1051.21,,,,+37.2%,+2.0%,+38.5%
ERICB,Extended,Telco infrastructure,Information Technology,Technology Hardware & Equipmen,GAAP,Dec,110.2,,,,+21.6%,-0.7%,+40.7%
GDS,Extended,Telco infrastructure,Information Technology,Software & Services,Adj,Dec,32.78,,,,-6.1%,-21.9%,+0.8%
NOK,Extended,Telco infrastructure,Information Technology,Technology Hardware & Equipmen,Adj,Dec,12.44,,,,+92.3%,+31.5%,+145.8%
BDC,Extended,Telco infrastructure,Information Technology,Technology Hardware & Equipmen,Adj,Dec,106.96,,,,-8.2%,-16.9%,-13.4%
HLIT,Extended,Telco infrastructure,Information Technology,Technology Hardware & Equipmen,Adj,Dec,14.05,,,,+42.1%,+44.1%,+51.1%
VISN,Extended,Telco infrastructure,Information Technology,Technology Hardware & Equipmen,Adj,Dec,12.49,,,,+41.2%,+34.9%,+225.6%
ANET,Extended,Telco infrastructure,Information Technology,Technology Hardware & Equipmen,GAAP,Dec,186.96,,,,+42.7%,+26.9%,+75.9%
VRT,Extended,Telco infrastructure,Industrials,Capital Goods,Adj,Dec,318.86,,,,+96.8%,+8.0%,+164.1%
MTZ,Extended,Telco infrastructure,Industrials,Capital Goods,Adj,Dec,372.89,,,,+71.5%,+3.2%,+120.9%
DY,Extended,Telco infrastructure,Industrials,Capital Goods,Adj,Jan,425.72,,,,+26.0%,+8.3%,+70.1%
GLW,Extended,Telco infrastructure,Information Technology,Technology Hardware & Equipmen,Adj,Dec,190.89,,,,+118.0%,+11.5%,+265.3%
APH,Extended,Telco infrastructure,Information Technology,Technology Hardware & Equipmen,Adj,Dec,159.06,,,,+17.7%,+13.0%,+61.8%
UI,Extended,Telco infrastructure,Information Technology,Technology Hardware & Equipmen,Adj,Jun,550.99,,,,-0.4%,-40.5%,+37.9%
CALX,Extended,Telco infrastructure,Information Technology,Technology Hardware & Equipmen,Adj,Dec,40.39,,,,-23.7%,-15.4%,-20.9%
PRY,Extended,Telco infrastructure,Industrials,Capital Goods,Adj,Dec,135.05,,,,+56.3%,+12.7%,+120.2%
NTCT,Extended,Telco infrastructure,Information Technology,Technology Hardware & Equipmen,Adj,Mar,43.68,,,,+61.4%,+35.8%,+94.0%
DOX,Extended,Telco infrastructure,Information Technology,Software & Services,Adj,Sep,51.91,,,,-35.5%,-17.6%,-41.8%
MCK,Extended,Drug distributors / PBMs,Health Care,Health Care Equipment & Servic,Adj,Mar,805.96,,,,-1.7%,-6.9%,+12.8%
CAH,Extended,Drug distributors / PBMs,Health Care,Health Care Equipment & Servic,Adj,Jun,235.8,,,,+14.7%,+9.4%,+45.4%
COR,Extended,Drug distributors / PBMs,Health Care,Health Care Equipment & Servic,Adj,Sep,303.44,,,,-10.2%,-5.4%,+2.1%
AZO,Extended,Autos,Consumer Discretionary,Consumer Discretionary Distrib,Adj,Aug,3072.64,,,,-9.4%,-10.4%,-17.6%
AAP,Extended,Autos,Consumer Discretionary,Consumer Discretionary Distrib,Adj,Dec,57.95,,,,+47.5%,+6.2%,-2.8%
ORLY,Extended,Autos,Consumer Discretionary,Consumer Discretionary Distrib,Adj,Dec,86.28,,,,-5.4%,-7.2%,-6.6%
KMX,Extended,Autos,Consumer Discretionary,Consumer Discretionary Distrib,Adj,Feb,53.49,,,,+38.4%,+14.5%,-20.1%
MNRO,Extended,Autos,Consumer Discretionary,Consumer Discretionary Distrib,Adj,Mar,16.81,,,,-16.1%,+2.7%,+4.0%
AN,Extended,Autos,Consumer Discretionary,Consumer Discretionary Distrib,Adj,Dec,195.8,,,,-5.2%,-2.4%,-8.9%
GPI,Extended,Autos,Consumer Discretionary,Consumer Discretionary Distrib,Adj,Dec,299.88,,,,-23.8%,-11.3%,-37.5%
SAH,Extended,Autos,Consumer Discretionary,Consumer Discretionary Distrib,Adj,Dec,94.54,,,,+52.8%,+38.9%,+8.1%
CPRT,Extended,Autos,Industrials,Commercial & Professional Serv,Adj,Jul,27.515,,,,-29.7%,-16.0%,-42.7%
LKQ,Extended,Autos,Consumer Discretionary,Consumer Discretionary Distrib,Adj,Dec,25.38,,,,-16.0%,-16.5%,-35.3%
WAB,Extended,Auto / Truck Supply Chain,Industrials,Capital Goods,Adj,Dec,261.21,,,,+22.4%,-2.3%,+22.2%
ALSN,Extended,Auto / Truck Supply Chain,Industrials,Capital Goods,Adj,Dec,114.21,,,,+16.7%,-11.1%,+19.6%
GNTX,Extended,Auto / Truck Supply Chain,Consumer Discretionary,Automobiles & Components,Adj,Dec,24.2,,,,+4.0%,+10.1%,+4.0%
TEL,Extended,Auto / Truck Supply Chain,Information Technology,Technology Hardware & Equipmen,Adj,Sep,200.36,,,,-11.9%,-12.8%,+14.5%
GT,Extended,Auto / Truck Supply Chain,Consumer Discretionary,Automobiles & Components,Adj,Dec,6.81,,,,-22.3%,-4.1%,-40.5%
TEN,Extended,Auto / Truck Supply Chain,Energy,Energy,Adj,Dec,39.66,,,,+76.9%,+1.7%,+94.4%
LEA,Extended,Auto / Truck Supply Chain,Consumer Discretionary,Automobiles & Components,Adj,Dec,136.14,,,,+18.8%,+9.3%,+26.4%
ADNT,Extended,Auto / Truck Supply Chain,Consumer Discretionary,Automobiles & Components,Adj,Sep,19.96,,,,+4.1%,-2.3%,-12.7%
JCI,Extended,Auto / Truck Supply Chain,Industrials,Capital Goods,Adj,Sep,142.81,,,,+19.3%,+0.2%,+34.3%
LNR,Extended,Auto / Truck Supply Chain,Consumer Discretionary,Automobiles & Components,Adj,Dec,101.31,,,,+22.1%,+16.0%,+52.1%
CON,Extended,Auto / Truck Supply Chain,Consumer Discretionary,Automobiles & Components,Adj,Dec,72.86,,,,+7.2%,+11.8%,+24.3%
PCAR,Extended,Auto / Truck Supply Chain,Industrials,Capital Goods,Adj,Dec,124.57,,,,+13.8%,-2.1%,+27.1%
HOG,Extended,Auto / Truck Supply Chain,Consumer Discretionary,Automobiles & Components,Adj,Dec,25.14,,,,+22.7%,+10.3%,+0.1%
GM,Extended,Auto / Truck Supply Chain,Consumer Discretionary,Automobiles & Components,Adj,Dec,77.85,,,,-4.3%,+1.9%,+46.5%
BC,Extended,Auto / Truck Supply Chain,Consumer Discretionary,Consumer Durables & Apparel,Adj,Dec,77.9,,,,+4.9%,+1.1%,+26.7%
F,Extended,Auto / Truck Supply Chain,Consumer Discretionary,Automobiles & Components,Adj,Dec,14.0,,,,+6.7%,+15.4%,+17.5%
STLA,Extended,Auto / Truck Supply Chain,Consumer Discretionary,Automobiles & Components,Adj,Dec,5.5,,,,-49.5%,-31.6%,-47.0%
EXO,Extended,Auto / Truck Supply Chain,Financials,Financial Services,Adj,Dec,68.55,,,,-5.4%,-0.4%,-23.9%
VOW,Extended,Auto / Truck Supply Chain,Consumer Discretionary,Automobiles & Components,Adj,Dec,72.35,,,,-31.2%,-21.0%,-25.7%
BMW,Extended,Auto / Truck Supply Chain,Consumer Discretionary,Automobiles & Components,Adj,Dec,58.14,,,,-37.6%,-30.7%,-31.9%
005380,Extended,Auto / Truck Supply Chain,Consumer Discretionary,Automobiles & Components,GAAP,Dec,459500.0,,,,+54.7%,-6.4%,+120.9%
ECL,Extended,Recurring services,Materials,Materials,Adj,Dec,274.31,,,,+4.5%,+0.4%,+2.8%
CLH,Extended,Recurring services,Industrials,Commercial & Professional Serv,Adj,Dec,304.13,,,,+29.7%,+0.6%,+31.5%
PSA,Extended,Recurring services,Real Estate,Equity Real Estate Investment,Adj,Dec,320.56,,,,+23.5%,+8.7%,+11.0%
EXR,Extended,Recurring services,Real Estate,Equity Real Estate Investment,Adj,Dec,143.96,,,,+10.6%,+3.7%,-3.3%
SCI,Extended,Recurring services,Consumer Discretionary,Consumer Services,Adj,Dec,77.47,,,,-0.6%,-5.0%,-4.1%
ADT,Extended,Recurring services,Consumer Discretionary,Consumer Services,Adj,Dec,6.71,,,,-16.9%,-0.3%,-21.5%
IRM,Extended,Recurring services,Real Estate,Equity Real Estate Investment,Adj,Dec,121.51,,,,+46.5%,+11.1%,+22.8%
SECUB,Extended,Recurring services,Industrials,Commercial & Professional Serv,Adj,Dec,162.7,,,,+10.5%,-3.0%,+11.2%
CTAS,Extended,Recurring services,Industrials,Commercial & Professional Serv,Adj,May,179.64,,,,-4.5%,+2.7%,-17.0%
ROL,Extended,Recurring services,Industrials,Commercial & Professional Serv,Adj,Dec,44.47,,,,-25.9%,-18.0%,-20.0%
TRUP,Extended,Recurring services,Financials,Insurance,Adj,Dec,25.83,,,,-30.9%,+5.3%,-49.0%
WAT,Extended,Instruments,Health Care,"Pharmaceuticals, Biotechnology",Adj,Dec,376.43,,,,-0.9%,+17.6%,+6.6%
QGEN,Extended,Instruments,Health Care,"Pharmaceuticals, Biotechnology",Adj,Dec,41.51,,,,-7.8%,+1.5%,-14.6%
BRKR,Extended,Instruments,Health Care,"Pharmaceuticals, Biotechnology",Adj,Dec,60.06,,,,+27.5%,+59.8%,+37.8%
MTD,Extended,Instruments,Health Care,"Pharmaceuticals, Biotechnology",Adj,Dec,1296.17,,,,-7.0%,-2.2%,+4.8%
KEYS,Extended,Instruments,Information Technology,Technology Hardware & Equipmen,Adj,Oct,322.05,,,,+58.5%,-0.7%,+95.4%
A,Extended,Instruments,Health Care,"Pharmaceuticals, Biotechnology",Adj,Oct,134.29,,,,-1.3%,+16.7%,+8.2%
ILMN,Extended,Instruments,Health Care,"Pharmaceuticals, Biotechnology",Adj,Dec,190.2,,,,+45.0%,+57.3%,+90.1%
ABBV,Extended,Instruments,Health Care,"Pharmaceuticals, Biotechnology",GAAP,Dec,248.08,,,,+8.6%,+19.3%,+27.2%
TGT,Extended,Retailers,Consumer Staples,Consumer Staples Distribution,Adj,Jan,135.14,,,,+38.3%,+10.9%,+29.0%
BJ,Extended,Retailers,Consumer Staples,Consumer Staples Distribution,Adj,Jan,88.05,,,,-2.2%,-5.0%,-17.5%
KSS,Extended,Retailers,Consumer Discretionary,Consumer Discretionary Distrib,Adj,Jan,16.8,,,,-17.7%,+26.5%,+74.1%
TJX,Extended,Retailers,Consumer Discretionary,Consumer Discretionary Distrib,Adj,Jan,151.34,,,,-1.5%,-6.3%,+21.9%
SIG,Extended,Retailers,Consumer Discretionary,Consumer Discretionary Distrib,Adj,Jan,84.32,,,,+1.7%,-9.9%,+4.4%
ROST,Extended,Retailers,Consumer Discretionary,Consumer Discretionary Distrib,Adj,Jan,222.88,,,,+23.7%,+0.8%,+70.3%
M,Extended,Retailers,Consumer Discretionary,Consumer Discretionary Distrib,Adj,Jan,22.64,,,,+2.7%,+20.0%,+77.8%
DKS,Extended,Retailers,Consumer Discretionary,Consumer Discretionary Distrib,Adj,Jan,217.98,,,,+10.1%,+2.6%,+1.6%
ZAL,Extended,Retailers,Consumer Discretionary,Consumer Discretionary Distrib,Adj,Dec,26.95,,,,+6.4%,+22.6%,-6.6%
CHWY,Extended,Retailers,Consumer Discretionary,Consumer Discretionary Distrib,Adj,Jan,20.88,,,,-36.8%,-17.2%,-46.1%
SFIX,Extended,Retailers,Consumer Discretionary,Consumer Discretionary Distrib,Adj,Jul,3.56,,,,-32.2%,+16.0%,-13.0%
LEVI,Extended,Retailers,Consumer Discretionary,Consumer Durables & Apparel,Adj,Nov,24.31,,,,+17.2%,+6.9%,+23.2%
DG,Extended,Retailers,Consumer Staples,Consumer Staples Distribution,Adj,Jan,118.92,,,,-10.4%,+2.8%,+5.9%
DLTR,Extended,Retailers,Consumer Staples,Consumer Staples Distribution,Adj,Jan,124.91,,,,+1.5%,+25.5%,+15.3%
FIVE,Extended,Retailers,Consumer Discretionary,Consumer Discretionary Distrib,Adj,Jan,189.39,,,,+0.5%,-12.9%,+45.5%
BURL,Extended,Retailers,Consumer Discretionary,Consumer Discretionary Distrib,Adj,Jan,327.72,,,,+13.5%,-1.8%,+29.7%
BBY,Extended,Retailers,Consumer Discretionary,Consumer Discretionary Distrib,Adj,Jan,82.8,,,,+23.7%,+32.8%,+12.3%
HD,Extended,Retailers,Consumer Discretionary,Consumer Discretionary Distrib,GAAP,Jan,343.3,,,,-0.2%,+1.8%,-8.0%
LOW,Extended,Retailers,Consumer Discretionary,Consumer Discretionary Distrib,Adj,Jan,211.63,,,,-12.2%,-13.3%,-7.1%
SBH,Extended,Retailers,Consumer Discretionary,Consumer Discretionary Distrib,Adj,Sep,15.29,,,,+7.2%,+11.0%,+52.9%
ULTA,Extended,Retailers,Consumer Discretionary,Consumer Discretionary Distrib,Adj,Jan,469.2,,,,-22.4%,-9.8%,-1.5%
TPR,Extended,Luxury / fashion,Consumer Discretionary,Consumer Durables & Apparel,Adj,Jun,140.73,,,,+10.1%,-6.4%,+44.1%
CPRI,Extended,Luxury / fashion,Consumer Discretionary,Consumer Durables & Apparel,Adj,Mar,18.04,,,,-26.1%,-9.3%,-8.6%
FOSL,Extended,Luxury / fashion,Consumer Discretionary,Consumer Durables & Apparel,Adj,Dec,4.13,,,,+9.8%,-19.6%,+137.4%
RMS,Extended,Luxury / fashion,Consumer Discretionary,Consumer Durables & Apparel,Adj,Dec,1641.5,,,,-22.6%,-6.6%,-33.6%
UHR,Extended,Luxury / fashion,Consumer Discretionary,Consumer Durables & Apparel,Adj,Dec,203.0,,,,+20.7%,+8.2%,+47.4%
KER,Extended,Luxury / fashion,Consumer Discretionary,Consumer Durables & Apparel,Adj,Dec,248.5,,,,-17.1%,-9.7%,+20.9%
CFR,Extended,Luxury / fashion,Consumer Discretionary,Consumer Durables & Apparel,Adj,Mar,182.2,,,,+5.9%,+18.8%,+20.2%
DECK,Extended,Apparel,Consumer Discretionary,Consumer Durables & Apparel,Adj,Mar,105.99,,,,+2.2%,-1.7%,+1.0%
PVH,Extended,Apparel,Consumer Discretionary,Consumer Durables & Apparel,Adj,Jan,79.37,,,,+18.4%,-12.5%,+6.8%
VFC,Extended,Apparel,Consumer Discretionary,Consumer Durables & Apparel,Adj,Mar,16.77,,,,-7.2%,-8.0%,+29.7%
KTB,Extended,Apparel,Consumer Discretionary,Consumer Durables & Apparel,Adj,Dec,85.66,,,,+40.2%,+19.1%,+21.5%
ONON,Extended,Apparel,Consumer Discretionary,Consumer Durables & Apparel,Adj,Dec,38.54,,,,-17.1%,+14.9%,-27.7%
GIL,Extended,Apparel,Consumer Discretionary,Consumer Durables & Apparel,Adj,Dec,52.5,,,,-15.9%,-9.2%,+2.3%
CRI,Extended,Apparel,Consumer Discretionary,Consumer Durables & Apparel,Adj,Dec,40.19,,,,+23.9%,+13.1%,+21.4%
LULU,Extended,Apparel,Consumer Discretionary,Consumer Durables & Apparel,Adj,Jan,119.26,,,,-42.6%,-27.2%,-50.0%
LB,Extended,Apparel,Real Estate,Real Estate Management & Devel,Adj,Dec,76.69,,,,+56.5%,+12.8%,+22.5%
RL,Extended,Apparel,Consumer Discretionary,Consumer Durables & Apparel,Adj,Mar,394.9,,,,+11.7%,+4.0%,+36.2%
NKE,Extended,Apparel,Consumer Discretionary,Consumer Durables & Apparel,Adj,May,44.37,,,,-30.4%,+4.1%,-40.5%
AS,Extended,Apparel,Consumer Discretionary,Consumer Durables & Apparel,Adj,Dec,34.8,,,,-6.8%,-1.2%,-8.8%
GOOS,Extended,Apparel,Consumer Discretionary,Consumer Durables & Apparel,Adj,Mar,9.66,,,,-25.4%,-13.5%,-28.2%
GAP,Extended,Apparel,Consumer Discretionary,Consumer Discretionary Distrib,Adj,Jan,19.46,,,,-24.0%,-26.0%,-15.7%
CROX,Extended,Apparel,Consumer Discretionary,Consumer Durables & Apparel,Adj,Dec,132.78,,,,+55.3%,+33.1%,+25.4%
SN,Extended,Apparel,Consumer Discretionary,Consumer Durables & Apparel,Adj,Dec,152.65,,,,+36.4%,+32.7%,+37.3%
ANF,Extended,Apparel,Consumer Discretionary,Consumer Discretionary Distrib,Adj,Jan,93.07,,,,-26.1%,-5.4%,+5.5%
AEO,Extended,Apparel,Consumer Discretionary,Consumer Discretionary Distrib,Adj,Jan,16.81,,,,-36.3%,-8.2%,+66.1%
URBN,Extended,Apparel,Consumer Discretionary,Consumer Discretionary Distrib,Adj,Jan,68.83,,,,-8.5%,+0.3%,-5.0%
BALL,Extended,Packaging,Materials,Materials,Adj,Dec,61.69,,,,+16.5%,-1.0%,+5.6%
CCK,Extended,Packaging,Materials,Materials,Adj,Dec,111.47,,,,+8.3%,+4.2%,+3.7%
SLGN,Extended,Packaging,Materials,Materials,Adj,Dec,44.98,,,,+11.4%,+8.4%,-18.7%
OI,Extended,Packaging,Materials,Materials,Adj,Dec,9.68,,,,-34.4%,-10.0%,-37.7%
AA,Extended,Packaging,Materials,Materials,Adj,Dec,48.68,,,,-8.4%,-33.3%,+54.2%
PKG,Extended,Packaging,Materials,Materials,Adj,Dec,228.77,,,,+10.9%,+10.8%,+10.4%
GPK,Extended,Packaging,Materials,Materials,Adj,Dec,10.28,,,,-31.7%,+6.3%,-54.5%
SEE,Extended,Packaging,,,Adj,Dec,,,,,,,
IP,Extended,Packaging,Materials,Materials,Adj,Dec,37.93,,,,-3.7%,+3.9%,-27.6%
MHK,Extended,Housing,Consumer Discretionary,Consumer Durables & Apparel,Adj,Dec,109.97,,,,+0.6%,+6.3%,-3.4%
JELD,Extended,Housing,Industrials,Capital Goods,Adj,Dec,1.21,,,,-50.8%,+15.2%,-74.0%
AMWD,Extended,Housing,,,Adj,Apr,48.09,,,,-10.8%,+15.4%,-16.6%
MAS,Extended,Housing,Industrials,Capital Goods,Adj,Dec,77.84,,,,+22.7%,+23.6%,+15.3%
FBIN,Extended,Housing,Industrials,Capital Goods,Adj,Dec,51.61,,,,+3.2%,+27.8%,-5.9%
TOL,Extended,Housing,Consumer Discretionary,Consumer Durables & Apparel,Adj,Oct,149.49,,,,+10.6%,+6.7%,+21.9%
KBH,Extended,Housing,Consumer Discretionary,Consumer Durables & Apparel,Adj,Nov,56.32,,,,-0.2%,+9.1%,+0.2%
LEN,Extended,Housing,Consumer Discretionary,Consumer Durables & Apparel,Adj,Nov,84.27,,,,-18.0%,-5.3%,-27.6%
LGIH,Extended,Housing,Consumer Discretionary,Consumer Durables & Apparel,Adj,Dec,59.39,,,,+38.2%,+49.4%,+5.2%
WMS,Extended,Housing,Industrials,Capital Goods,Adj,Mar,150.47,,,,+3.9%,+2.2%,+23.1%
POOL,Extended,Housing,Consumer Discretionary,Consumer Discretionary Distrib,Adj,Dec,210.44,,,,-8.0%,-2.1%,-32.4%
ALLE,Extended,Housing,Industrials,Capital Goods,Adj,Dec,136.63,,,,-14.2%,-5.6%,-9.8%
FDX,Extended,Transportation,Industrials,Transportation,Adj,May,314.69,,,,+35.3%,+4.5%,+63.7%
UPS,Extended,Transportation,Industrials,Transportation,Adj,Dec,112.47,,,,+13.4%,+10.6%,+9.3%
XPO,Extended,Transportation,Industrials,Transportation,Adj,Dec,207.88,,,,+53.0%,-2.3%,+55.2%
EXPD,Extended,Transportation,Industrials,Transportation,Adj,Dec,172.02,,,,+15.4%,+20.2%,+44.3%
CHRW,Extended,Transportation,Industrials,Transportation,Adj,Dec,193.5,,,,+20.4%,+18.4%,+91.9%
KNX,Extended,Transportation,Industrials,Transportation,Adj,Dec,75.19,,,,+43.8%,+21.7%,+55.9%
JBHT,Extended,Transportation,Industrials,Transportation,Adj,Dec,279.96,,,,+44.1%,+23.3%,+81.0%
WERN,Extended,Transportation,Industrials,Transportation,Adj,Dec,43.85,,,,+46.1%,+35.5%,+46.3%
NOVOB,Extended,Pharma / Med Devices,Health Care,"Pharmaceuticals, Biotechnology",GAAP,Dec,322.25,,,,-0.9%,+33.9%,-29.3%
BIIB,Extended,Pharma / Med Devices,Health Care,"Pharmaceuticals, Biotechnology",Adj,Dec,199.15,,,,+13.2%,+15.1%,+47.2%
REGN,Extended,Pharma / Med Devices,Health Care,"Pharmaceuticals, Biotechnology",Adj,Dec,664.52,,,,-13.9%,-11.3%,+18.7%
VRTX,Extended,Pharma / Med Devices,Health Care,"Pharmaceuticals, Biotechnology",Adj,Dec,485.39,,,,+7.1%,+11.3%,+1.2%
MRK,Extended,Pharma / Med Devices,Health Care,"Pharmaceuticals, Biotechnology",GAAP,Dec,123.54,,,,+17.4%,+1.7%,+47.0%
JNJ,Extended,Pharma / Med Devices,Health Care,"Pharmaceuticals, Biotechnology",GAAP,Dec,256.98,,,,+24.2%,+7.8%,+63.0%
ABT,Extended,Pharma / Med Devices,Health Care,Health Care Equipment & Servic,Adj,Dec,93.93,,,,-25.0%,-6.4%,-29.7%
PFE,Extended,Pharma / Med Devices,Health Care,"Pharmaceuticals, Biotechnology",Adj,Dec,24.17,,,,-2.9%,-10.2%,-6.2%
GSK,Extended,Pharma / Med Devices,Health Care,"Pharmaceuticals, Biotechnology",Adj,Dec,52.78,,,,+7.6%,-9.3%,+33.4%
BHC,Extended,Pharma / Med Devices,Health Care,"Pharmaceuticals, Biotechnology",Adj,Dec,4.78,,,,-31.2%,-14.6%,-27.8%
TEVA,Extended,Pharma / Med Devices,Health Care,"Pharmaceuticals, Biotechnology",Adj,Dec,32.95,,,,+5.6%,+6.9%,+99.3%
BMY,Extended,Pharma / Med Devices,Health Care,"Pharmaceuticals, Biotechnology",Adj,Dec,57.58,,,,+6.7%,-1.8%,+18.7%
ALGN,Extended,Pharma / Med Devices,Health Care,Health Care Equipment & Servic,Adj,Dec,179.45,,,,+14.9%,+3.6%,-12.2%
ZBH,Extended,Pharma / Med Devices,Health Care,Health Care Equipment & Servic,Adj,Dec,91.34,,,,+1.6%,-1.9%,-4.0%
XRAY,Extended,Pharma / Med Devices,Health Care,Health Care Equipment & Servic,Adj,Dec,12.26,,,,+7.3%,+4.7%,-26.2%
SYK,Extended,Pharma / Med Devices,Health Care,Health Care Equipment & Servic,Adj,Dec,329.78,,,,-6.2%,-2.8%,-16.5%
GILD,Extended,Pharma / Med Devices,Health Care,"Pharmaceuticals, Biotechnology",Adj,Dec,129.83,,,,+5.8%,-6.6%,+13.3%
GRF,Extended,Pharma / Med Devices,Health Care,"Pharmaceuticals, Biotechnology",Adj,Dec,8.904,,,,-16.8%,-0.3%,-23.1%
CSL,Extended,Pharma / Med Devices,Health Care,"Pharmaceuticals, Biotechnology",Adj,Jun,122.89,,,,-28.8%,-11.7%,-49.0%
PRGO,Extended,Pharma / Med Devices,Health Care,"Pharmaceuticals, Biotechnology",Adj,Dec,10.22,,,,-26.6%,-5.9%,-62.5%
DXCM,Extended,Pharma / Med Devices,Health Care,Health Care Equipment & Servic,Adj,Dec,74.96,,,,+12.9%,+17.1%,-12.3%
PODD,Extended,Pharma / Med Devices,Health Care,Health Care Equipment & Servic,Adj,Dec,161.28,,,,-43.3%,-18.1%,-45.8%
MASI,Extended,Pharma / Med Devices,,,Adj,Dec,179.95,,,,+38.4%,+0.9%,+8.2%
UTHR,Extended,Pharma / Med Devices,Health Care,"Pharmaceuticals, Biotechnology",Adj,Dec,547.06,,,,+12.3%,-4.3%,+82.3%
HOLX,Extended,Pharma / Med Devices,,,Adj,Sep,,,,,,,
MDT,Extended,Pharma / Med Devices,Health Care,Health Care Equipment & Servic,Adj,Apr,83.87,,,,-12.7%,-3.8%,-6.2%
COO,Extended,Pharma / Med Devices,Health Care,Health Care Equipment & Servic,Adj,Oct,70.7,,,,-13.7%,-0.7%,-7.8%
ELAN,Extended,Pharma / Med Devices,Health Care,"Pharmaceuticals, Biotechnology",Adj,Dec,24.82,,,,+9.7%,+7.3%,+65.0%
XOM,Extended,Energy,Energy,Energy,GAAP,Dec,138.88,,,,+15.4%,-8.9%,+20.8%
CVX,Extended,Energy,Energy,Energy,GAAP,Dec,176.4,,,,+15.7%,-6.4%,+14.4%
PSX,Extended,Energy,Energy,Energy,Adj,Dec,188.36,,,,+46.0%,+18.3%,+40.2%
VLO,Extended,Energy,Energy,Energy,Adj,Dec,280.69,,,,+72.4%,+17.5%,+81.3%
MPC,Extended,Energy,Energy,Energy,Adj,Dec,283.74,,,,+74.5%,+27.5%,+55.7%
KMI,Extended,Energy,Energy,Energy,Adj,Dec,32.12,,,,+16.8%,-1.7%,+15.6%
HAL,Extended,Energy,Energy,Energy,Adj,Dec,34.39,,,,+21.7%,-8.5%,+55.2%
LNG,Extended,Energy,Energy,Energy,Adj,Dec,258.64,,,,+33.1%,-2.6%,+10.4%
OII,Extended,Energy,Energy,Energy,Adj,Dec,42.1,,,,+75.2%,+16.3%,+93.7%
NOV,Extended,Energy,Energy,Energy,Adj,Dec,18.89,,,,+21.4%,-2.6%,+37.9%
AR,Extended,Energy,Energy,Energy,Adj,Dec,33.23,,,,-3.6%,-12.3%,-7.3%
SLB,Extended,Energy,Energy,Energy,Adj,Dec,47.76,,,,+24.4%,-8.0%,+30.3%
CLB,Extended,Energy,Energy,Energy,Adj,Dec,11.1,,,,-30.8%,-32.8%,-14.2%
KO,Extended,Cons. staples,Consumer Staples,"Food, Beverage & Tobacco",GAAP,Dec,83.49,,,,+19.4%,+7.8%,+19.7%
PEP,Extended,Cons. staples,Consumer Staples,"Food, Beverage & Tobacco",Adj,Dec,137.38,,,,-4.3%,-12.5%,+1.0%
ABI,Extended,Cons. staples,Consumer Staples,"Food, Beverage & Tobacco",Adj,Dec,69.66,,,,+26.9%,+8.1%,+20.1%
TAP,Extended,Cons. staples,Consumer Staples,"Food, Beverage & Tobacco",Adj,Dec,39.17,,,,-16.1%,-13.1%,-21.4%
STZ,Extended,Cons. staples,Consumer Staples,"Food, Beverage & Tobacco",Adj,Feb,134.06,,,,-2.8%,-19.3%,-22.1%
MNST,Extended,Cons. staples,Consumer Staples,"Food, Beverage & Tobacco",Adj,Dec,97.39,,,,+27.0%,+28.6%,+64.6%
OR,Extended,Cons. staples,Consumer Staples,Household & Personal Products,GAAP,Dec,381.0,,,,+3.9%,+6.2%,-0.3%
EL,Extended,Cons. staples,Consumer Staples,Household & Personal Products,Adj,Jun,82.66,,,,-21.1%,+13.7%,-10.2%
NESN,Extended,Cons. staples,Consumer Staples,"Food, Beverage & Tobacco",GAAP,Dec,83.16,,,,+5.6%,+5.1%,+6.8%
PG,Extended,Cons. staples,Consumer Staples,Household & Personal Products,GAAP,Jun,147.04,,,,+2.6%,+1.3%,-7.2%
UNA,Extended,Cons. staples,Consumer Staples,Household & Personal Products,Adj,Dec,54.01,,,,-3.0%,+8.7%,-4.2%
MDLZ,Extended,Cons. staples,Consumer Staples,"Food, Beverage & Tobacco",Adj,Dec,58.83,,,,+9.3%,-0.3%,-12.4%
MKC,Extended,Cons. staples,Consumer Staples,"Food, Beverage & Tobacco",Adj,Nov,52.45,,,,-23.0%,-2.3%,-27.6%
GIS,Extended,Cons. staples,Consumer Staples,"Food, Beverage & Tobacco",Adj,May,36.22,,,,-22.1%,+1.8%,-29.5%
CPB,Extended,Cons. staples,Consumer Staples,"Food, Beverage & Tobacco",Adj,Jul,22.07,,,,-20.8%,+8.0%,-27.6%
HSY,Extended,Cons. staples,Consumer Staples,"Food, Beverage & Tobacco",Adj,Dec,173.66,,,,-4.6%,-14.2%,+5.5%
ENR,Extended,Cons. staples,Consumer Staples,Household & Personal Products,Adj,Sep,20.47,,,,+2.9%,+9.1%,-10.0%
NWL,Extended,Cons. staples,Consumer Discretionary,Consumer Durables & Apparel,Adj,Dec,5.17,,,,+39.0%,+32.9%,-12.5%
HRL,Extended,Cons. staples,Consumer Staples,"Food, Beverage & Tobacco",Adj,Oct,24.73,,,,+4.3%,+18.5%,-21.6%
HLF,Extended,Cons. staples,Consumer Staples,Household & Personal Products,Adj,Dec,13.15,,,,+2.0%,-13.7%,+26.8%
IFF,Extended,Cons. staples,Materials,Materials,Adj,Dec,77.53,,,,+15.0%,+6.9%,+1.2%
KHC,Extended,Cons. staples,Consumer Staples,"Food, Beverage & Tobacco",Adj,Dec,24.85,,,,+2.5%,+7.8%,-6.1%
BATS,Extended,Cons. staples,Consumer Staples,"Food, Beverage & Tobacco",Adj,Dec,4462.0,,,,+5.9%,+2.6%,+20.4%
POST,Extended,Cons. staples,Consumer Staples,"Food, Beverage & Tobacco",Adj,Sep,86.28,,,,-12.9%,-14.6%,-19.9%
DGE,Extended,Cons. staples,Consumer Staples,"Food, Beverage & Tobacco",Adj,Jun,1524.0,,,,-5.0%,+5.8%,-21.8%
SGI,Extended,Bedding / furniture / household goods,Consumer Discretionary,Consumer Durables & Apparel,Adj,Dec,73.55,,,,-17.6%,-5.8%,+0.8%
WSM,Extended,Bedding / furniture / household goods,Consumer Discretionary,Consumer Discretionary Distrib,Adj,Jan,221.75,,,,+24.2%,+17.2%,+25.6%
RH,Extended,Bedding / furniture / household goods,Consumer Discretionary,Consumer Discretionary Distrib,Adj,Jan,165.35,,,,-7.7%,+31.7%,-22.5%
WHR,Extended,Bedding / furniture / household goods,Consumer Discretionary,Consumer Durables & Apparel,Adj,Dec,40.72,,,,-43.6%,-27.9%,-62.4%
SNBR,Extended,Bedding / furniture / household goods,Consumer Discretionary,Consumer Discretionary Distrib,Adj,Dec,,,,,,,
HVT,Extended,Bedding / furniture / household goods,Consumer Discretionary,Consumer Discretionary Distrib,Adj,Dec,25.1,,,,+7.4%,+12.1%,+9.8%
LEG,Extended,Bedding / furniture / household goods,Consumer Discretionary,Consumer Durables & Apparel,Adj,Dec,10.94,,,,-0.5%,+9.5%,+5.9%
CULP,Extended,Bedding / furniture / household goods,Consumer Discretionary,Consumer Durables & Apparel,Adj,Apr,3.22,,,,-9.6%,+9.9%,-31.5%
AWI,Extended,Bedding / furniture / household goods,Industrials,Capital Goods,Adj,Dec,155.5,,,,-18.6%,-11.4%,-8.3%
REZI,Extended,Bedding / furniture / household goods,Industrials,Capital Goods,Adj,Dec,33.94,,,,-3.4%,-9.9%,+41.0%
INVH,Extended,Bedding / furniture / household goods,Real Estate,Equity Real Estate Investment,Adj,Dec,29.6,,,,+6.5%,+13.8%,-8.6%
AMH,Extended,Bedding / furniture / household goods,Real Estate,Equity Real Estate Investment,Adj,Dec,33.27,,,,+3.6%,+11.8%,-6.9%
HON,Extended,Industrial / Cyclical,Industrials,Capital Goods,Adj,Dec,226.42,,,,+10.7%,-8.1%,-3.2%
GEV,Extended,Industrial / Cyclical,Industrials,Capital Goods,GAAP,Dec,1091.57,,,,+67.0%,+10.1%,+102.4%
ETN,Extended,Industrial / Cyclical,Industrials,Capital Goods,Adj,Dec,407.28,,,,+27.9%,+1.1%,+13.9%
PH,Extended,Industrial / Cyclical,Industrials,Capital Goods,Adj,Jun,961.27,,,,+9.4%,-2.3%,+34.6%
ROP,Extended,Industrial / Cyclical,Information Technology,Software & Services,Adj,Dec,355.9,,,,-20.0%,+3.7%,-35.3%
AME,Extended,Industrial / Cyclical,Industrials,Capital Goods,Adj,Dec,233.98,,,,+14.0%,-0.4%,+29.0%
FTV,Extended,Industrial / Cyclical,Industrials,Capital Goods,Adj,Dec,62.2,,,,+12.7%,+6.6%,+17.2%
EMN,Extended,Industrial / Cyclical,Materials,Materials,Adj,Dec,67.57,,,,+5.9%,-9.0%,-17.2%
NDSN,Extended,Industrial / Cyclical,Industrials,Capital Goods,Adj,Oct,286.6,,,,+19.2%,+4.1%,+28.4%
IEX,Extended,Industrial / Cyclical,Industrials,Capital Goods,Adj,Dec,222.16,,,,+24.9%,+10.5%,+19.8%
TDY,Extended,Industrial / Cyclical,Information Technology,Technology Hardware & Equipmen,Adj,Dec,634.6,,,,+24.3%,-1.7%,+20.3%
SWK,Extended,Industrial / Cyclical,Industrials,Capital Goods,Adj,Dec,88.22,,,,+18.8%,+22.2%,+19.5%
CAT,Extended,Industrial / Cyclical,Industrials,Capital Goods,GAAP,Dec,952.41,,,,+66.3%,+20.5%,+133.2%
MMM,Extended,Industrial / Cyclical,Industrials,Capital Goods,Adj,Dec,157.52,,,,-1.6%,+4.8%,+0.1%
PPG,Extended,Industrial / Cyclical,Materials,Materials,Adj,Dec,116.76,,,,+14.0%,+5.8%,-1.9%
AXTA,Extended,Industrial / Cyclical,Materials,Materials,Adj,Dec,32.51,,,,+0.6%,+12.7%,+5.1%
SHW,Extended,Industrial / Cyclical,Materials,Materials,Adj,Dec,333.99,,,,+3.1%,-0.6%,-5.1%
AVY,Extended,Industrial / Cyclical,Materials,Materials,Adj,Dec,160.71,,,,-11.6%,-6.1%,-13.0%
SNA,Extended,Industrial / Cyclical,Industrials,Capital Goods,Adj,Dec,401.94,,,,+16.6%,+5.9%,+25.3%
ST,Extended,Industrial / Cyclical,Industrials,Capital Goods,Adj,Dec,45.32,,,,+36.1%,+16.4%,+40.2%
ZBRA,Extended,Industrial / Cyclical,Information Technology,Technology Hardware & Equipmen,Adj,Dec,272.52,,,,+12.2%,+22.7%,-17.5%
LIN,Extended,Industrial / Cyclical,Materials,Materials,GAAP,Dec,529.79,,,,+24.3%,+5.3%,+12.6%
APD,Extended,Industrial / Cyclical,Materials,Materials,Adj,Sep,299.53,,,,+21.3%,+0.3%,+1.8%
URI,Extended,Industrial / Cyclical,Industrials,Capital Goods,Adj,Dec,1095.55,,,,+35.4%,+41.9%,+33.6%
WSC,Extended,Industrial / Cyclical,Industrials,Capital Goods,Adj,Dec,26.24,,,,+39.4%,+40.6%,-14.5%
FLR,Extended,Industrial / Cyclical,Industrials,Capital Goods,Adj,Dec,50.74,,,,+28.0%,+3.1%,-2.5%
J,Extended,Industrial / Cyclical,Industrials,Commercial & Professional Serv,Adj,Sep,125.83,,,,-5.0%,+2.4%,-7.6%
ACM,Extended,Industrial / Cyclical,Industrials,Capital Goods,Adj,Sep,68.25,,,,-28.4%,-18.4%,-41.0%
DE,Extended,Industrial / Cyclical,Industrials,Capital Goods,Adj,Oct,586.86,,,,+26.1%,-3.0%,+13.0%
DOW,Extended,Industrial / Cyclical,Materials,Materials,Adj,Dec,29.03,,,,+24.2%,-25.6%,-4.0%
FMC,Extended,Industrial / Cyclical,Materials,Materials,Adj,Dec,10.91,,,,-21.3%,-37.5%,-74.4%
MWA,Extended,Industrial / Cyclical,Industrials,Capital Goods,Adj,Sep,24.92,,,,+4.6%,-16.1%,-1.5%
BNR,Extended,Industrial / Cyclical,Industrials,Capital Goods,Adj,Dec,56.16,,,,+13.3%,-3.8%,-3.1%
MIDD,Extended,Industrial / Cyclical,Industrials,Capital Goods,Adj,Dec,135.67,,,,+13.4%,+17.9%,+12.3%
LECO,Extended,Industrial / Cyclical,Industrials,Capital Goods,Adj,Dec,250.97,,,,+4.7%,-2.1%,+12.3%
GWW,Extended,Distributors,Industrials,Capital Goods,Adj,Dec,1375.76,,,,+36.3%,+17.4%,+31.3%
FAST,Extended,Distributors,Industrials,Capital Goods,Adj,Dec,46.49,,,,+15.8%,-5.5%,+6.7%
WSO,Extended,Distributors,Industrials,Capital Goods,Adj,Dec,383.86,,,,+13.9%,-6.2%,-19.4%
WCC,Extended,Distributors,Industrials,Capital Goods,Adj,Dec,335.02,,,,+36.9%,+10.4%,+66.5%
MSM,Extended,Distributors,Industrials,Capital Goods,Adj,Aug,123.02,,,,+46.3%,+28.8%,+34.2%
SITE,Extended,Distributors,Industrials,Capital Goods,Adj,Dec,106.95,,,,-14.1%,-21.1%,-18.6%
GPC,Extended,Distributors,Consumer Discretionary,Consumer Discretionary Distrib,Adj,Dec,125.62,,,,+2.2%,+16.8%,-0.3%
DNOW,Extended,Distributors,Industrials,Capital Goods,Adj,Dec,13.05,,,,-1.5%,+6.9%,-5.7%
TCEHY,Extended,China equities,Communication Services,Media & Entertainment,GAAP,Dec,59.31,,,,-22.5%,-7.3%,-6.1%
BIDU,Extended,China equities,Communication Services,Media & Entertainment,Adj,Dec,117.53,,,,-10.0%,+8.4%,+32.9%
JD,Extended,China equities,Consumer Discretionary,Consumer Discretionary Distrib,Adj,Dec,28.2,,,,-1.7%,-2.5%,-9.7%
700,Extended,China equities,Communication Services,Media & Entertainment,GAAP,Dec,460.2,,,,-23.2%,-8.8%,-7.3%
TCOM,Extended,China equities,Consumer Discretionary,Consumer Services,Adj,Dec,42.8,,,,-40.5%,-16.6%,-30.8%
3988,Extended,China equities,Financials,Banks,GAAP,Dec,5.09,,,,+14.1%,+1.0%,+8.5%
3690,Extended,China equities,Consumer Discretionary,Consumer Services,GAAP,Dec,78.7,,,,-23.8%,-10.2%,-34.4%
1398,Extended,China equities,Financials,Banks,GAAP,Dec,6.66,,,,+5.9%,-4.4%,+7.2%
VIPS,Extended,China equities,Consumer Discretionary,Consumer Discretionary Distrib,Adj,Dec,13.94,,,,-21.2%,-7.5%,-7.1%
2199,Extended,China equities,Consumer Discretionary,Consumer Durables & Apparel,Adj,Mar,1.79,,,,-27.2%,-9.6%,-5.4%
600104,Extended,China equities,Consumer Discretionary,Automobiles & Components,Adj,Dec,10.12,,,,-33.5%,-28.5%,-40.6%
175,Extended,China equities,Consumer Discretionary,Automobiles & Components,GAAP,Dec,18.64,,,,+4.1%,-25.4%,+6.0%
2333,Extended,China equities,Consumer Discretionary,Automobiles & Components,Adj,Dec,8.64,,,,-43.5%,-37.2%,-32.4%
NRG,Extended,Utilities,Utilities,Utilities,Adj,Dec,140.42,,,,-11.8%,-14.4%,-7.2%
CEG,Extended,Utilities,Utilities,Utilities,Adj,Dec,251.38,,,,-28.8%,-12.3%,-19.8%
VST,Extended,Utilities,Utilities,Utilities,Adj,Dec,158.86,,,,-1.5%,+2.7%,-18.9%
AI,Extended,Technology,Information Technology,Software & Services,Adj,Apr,8.95,,,,-33.6%,+8.1%,-66.6%
PATH,Extended,Software,Information Technology,Software & Services,Adj,Jan,11.68,,,,-28.7%,+24.5%,-9.4%
ON,Extended,Technology,Information Technology,Semiconductors & Semiconductor,Adj,Dec,95.96,,,,+77.2%,+39.8%,+61.2%
MCHP,Extended,Technology,Information Technology,Semiconductors & Semiconductor,Adj,Mar,88.59,,,,+39.0%,+23.8%,+18.0%
NXPI,Extended,Technology,Information Technology,Semiconductors & Semiconductor,Adj,Dec,292.26,,,,+34.6%,+43.0%,+25.3%
HIMS,Extended,Healthcare providers,Health Care,Health Care Equipment & Servic,Adj,Dec,34.38,,,,+5.9%,+76.9%,-31.6%
DOCS,Extended,Healthcare providers,Health Care,Health Care Equipment & Servic,Adj,Mar,21.77,,,,-50.8%,+3.4%,-63.8%
COIN,Extended,Financials and related,Financials,Financial Services,Adj,Dec,159.07,,,,-29.7%,-5.2%,-59.1%
SOFI,Extended,Financials and related,Financials,Financial Services,Adj,Dec,18.78,,,,-28.3%,+15.8%,-10.4%
CPNG,Extended,Retailers,Consumer Discretionary,Consumer Discretionary Distrib,Adj,Dec,18.8,,,,-20.3%,-4.9%,-38.3%
MELI,Extended,Retailers,Consumer Discretionary,Consumer Discretionary Distrib,Adj,Dec,1852.22,,,,-8.0%,+4.4%,-22.9%
SE,Extended,Internet,Consumer Discretionary,Consumer Discretionary Distrib,Adj,Dec,111.14,,,,-12.9%,+29.4%,-25.6%
GTLB,Extended,Software,Information Technology,Software & Services,Adj,Jan,32.42,,,,-13.6%,+66.9%,-28.1%
CFLT,Extended,Software,,,Adj,Dec,,,,,,,
IONQ,Extended,Technology,Information Technology,Technology Hardware & Equipmen,Adj,Dec,42.86,,,,-4.5%,+48.9%,-6.7%
ZS,Extended,Software,Information Technology,Software & Services,Adj,Jul,139.27,,,,-38.1%,+18.0%,-53.0%
S,Extended,Software,Information Technology,Software & Services,Adj,Jan,17.88,,,,+19.2%,+49.7%,-0.2%
AFRM,Extended,Payments,Financials,Financial Services,Adj,Jun,83.42,,,,+12.1%,+71.9%,+21.7%
GRAB,Extended,Internet,Industrials,Transportation,Adj,Dec,3.93,,,,-21.2%,+6.8%,-20.1%
GLBE,Extended,Internet,Consumer Discretionary,Consumer Discretionary Distrib,Adj,Dec,38.48,,,,-2.1%,+27.3%,+15.1%
DUOL,Extended,Internet,Consumer Discretionary,Consumer Services,Adj,Dec,124.76,,,,-28.9%,+38.6%,-67.2%
INSP,Extended,Pharma / Med Devices,Health Care,Health Care Equipment & Servic,Adj,Dec,51.76,,,,-43.9%,-4.2%,-62.8%
GDRX,Extended,Healthcare providers,Health Care,Health Care Equipment & Servic,Adj,Dec,2.95,,,,+8.9%,+34.7%,-39.8%
OSCR,Extended,Managed Care,Financials,Insurance,Adj,Dec,30.54,,,,+112.5%,+111.3%,+96.7%
FSLR,Extended,Energy,Information Technology,Semiconductors & Semiconductor,Adj,Dec,227.83,,,,-12.8%,+12.0%,+38.0%
ENPH,Extended,Energy,Information Technology,Semiconductors & Semiconductor,Adj,Dec,44.83,,,,+39.9%,+43.8%,+4.3%
RUN,Extended,Energy,Industrials,Capital Goods,Adj,Dec,12.47,,,,-32.2%,-6.1%,+14.7%
PLUG,Extended,Energy,Industrials,Capital Goods,Adj,Dec,2.23,,,,+13.2%,-18.6%,+32.7%
GFS,Extended,Technology,Information Technology,Semiconductors & Semiconductor,Adj,Dec,68.97,,,,+97.5%,+41.0%,+67.3%
2454,Extended,Technology,Information Technology,Semiconductors & Semiconductor,GAAP,Dec,3925.0,,,,+174.5%,+149.2%,+176.4%
AMG,Extended,Financials and related,Financials,Financial Services,Adj,Dec,366.41,,,,+27.1%,+28.4%,+77.0%
AB,Extended,Financials and related,Financials,Financial Services,Adj,Dec,37.16,,,,-3.4%,-2.3%,-10.8%
BLK,Extended,Financials and related,Financials,Financial Services,Adj,Dec,1036.11,,,,-3.2%,+3.7%,-6.2%
FHI,Extended,Financials and related,Financials,Financial Services,Adj,Dec,59.54,,,,+14.3%,+7.7%,+28.5%
JHG,Extended,Financials and related,,,Adj,Dec,51.95,,,,+9.2%,+0.6%,+25.5%
IVZ,Extended,Financials and related,Financials,Financial Services,Adj,Dec,28.98,,,,+10.3%,+22.9%,+66.6%
IR,Extended,Industrial / Cyclical,Industrials,Capital Goods,Adj,Dec,78.85,,,,-0.5%,-7.6%,-11.1%
BRK/B,Extended,Financials and related,Financials,Financial Services,GAAP,Dec,493.71,,,,-1.8%,+2.9%,+3.2%
CSCO,Extended,Technology,Information Technology,Technology Hardware & Equipmen,GAAP,Jul,121.31,,,,+57.5%,+47.5%,+76.4%
AMGN,Extended,Pharma / Med Devices,Health Care,"Pharmaceuticals, Biotechnology",Adj,Dec,363.39,,,,+11.0%,+3.5%,+21.0%
NEE,Extended,Utilities,Utilities,Utilities,Adj,Dec,87.96,,,,+9.6%,-6.5%,+17.8%
WELL,Extended,Real Estate,Real Estate,Equity Real Estate Investment,Adj,Dec,231.59,,,,+24.8%,+11.6%,+51.6%
PLD,Extended,Real Estate,Real Estate,Equity Real Estate Investment,Adj,Dec,140.87,,,,+10.3%,+2.7%,+29.9%
COP,Extended,Energy,Energy,Energy,Adj,Dec,109.04,,,,+16.5%,-11.0%,+14.3%
TT,Extended,Industrial / Cyclical,Industrials,Capital Goods,Adj,Dec,479.7,,,,+23.3%,+3.0%,+10.4%
SO,Extended,Utilities,Utilities,Utilities,Adj,Dec,95.61,,,,+9.6%,-1.6%,+2.5%
PWR,Extended,Industrial / Cyclical,Industrials,Capital Goods,Adj,Dec,658.56,,,,+56.0%,+12.5%,+73.3%
NEM,Extended,Materials,Materials,Materials,Adj,Dec,95.29,,,,-4.6%,-21.2%,+59.4%
CDNS,Extended,Software,Information Technology,Software & Services,Adj,Dec,384.17,,,,+22.9%,+44.6%,+19.1%
BNY,Extended,Financials and related,Financials,Financial Services,Adj,Dec,151.92,,,,+30.9%,+19.1%,+62.2%
CMI,Extended,Industrial / Cyclical,Industrials,Capital Goods,Adj,Dec,675.95,,,,+32.4%,+9.7%,+98.8%
DUK,Extended,Utilities,Utilities,Utilities,Adj,Dec,125.48,,,,+7.1%,-4.8%,+6.2%
WMB,Extended,Energy,Energy,Energy,Adj,Dec,75.02,,,,+24.8%,+3.1%,+29.8%
FCX,Extended,Materials,Materials,Materials,Adj,Dec,61.52,,,,+21.1%,-9.3%,+30.3%
WM,Extended,Industrial / Cyclical,Industrials,Commercial & Professional Serv,Adj,Dec,233.33,,,,+6.2%,+1.7%,+3.4%
SNPS,Extended,Software,Information Technology,Software & Services,Adj,Oct,445.5,,,,-5.2%,+13.6%,-21.3%
EMR,Extended,Industrial / Cyclical,Industrials,Capital Goods,Adj,Sep,138.88,,,,+4.6%,-3.4%,-1.3%
ITW,Extended,Industrial / Cyclical,Industrials,Capital Goods,Adj,Dec,268.81,,,,+9.1%,-0.6%,+2.6%
COHR,Extended,Technology,Information Technology,Technology Hardware & Equipmen,Adj,Jun,324.5,,,,+75.8%,+5.5%,+246.2%
AEP,Extended,Utilities,Utilities,Utilities,Adj,Dec,135.43,,,,+17.4%,-0.6%,+27.7%
CL,Extended,Cons. staples,Consumer Staples,Household & Personal Products,Adj,Dec,92.24,,,,+16.7%,+9.4%,+1.8%
SPG,Extended,Real Estate,Real Estate,Equity Real Estate Investment,Adj,Dec,218.77,,,,+18.2%,+9.1%,+33.8%
MPWR,Extended,Technology,Information Technology,Semiconductors & Semiconductor,Adj,Dec,1352.74,,,,+49.2%,-0.1%,+82.7%
EOG,Extended,Energy,Energy,Energy,Adj,Dec,134.1,,,,+27.7%,-1.5%,+10.2%
TER,Extended,Technology,Information Technology,Semiconductors & Semiconductor,Adj,Dec,359.6,,,,+85.8%,-2.3%,+264.6%
ALAB,Extended,Technology,Information Technology,Semiconductors & Semiconductor,Adj,Dec,412.97,,,,+148.2%,+177.1%,+325.7%
FIX,Extended,Industrial / Cyclical,Industrials,Capital Goods,Adj,Dec,1756.09,,,,+88.2%,+10.2%,+229.0%
NSC,Extended,Industrial / Cyclical,Industrials,Transportation,Adj,Dec,327.47,,,,+13.4%,+10.5%,+24.4%
DLR,Extended,Real Estate,Real Estate,Equity Real Estate Investment,Adj,Dec,180.41,,,,+16.6%,-4.5%,+5.8%
WBD,Extended,Media content,Communication Services,Media & Entertainment,Adj,Dec,26.59,,,,-7.7%,-3.1%,+128.2%
CIEN,Extended,Technology,Information Technology,Technology Hardware & Equipmen,Adj,Oct,460.72,,,,+97.0%,-7.1%,+487.3%
BSX,Extended,Healthcare providers,Health Care,Health Care Equipment & Servic,Adj,Dec,44.77,,,,-53.0%,-27.5%,-56.9%
RSG,Extended,Industrial / Cyclical,Industrials,Commercial & Professional Serv,Adj,Dec,219.2,,,,+3.4%,+2.1%,-8.7%
NBIS,Extended,Software,Information Technology,Software & Services,Adj,Dec,219.65,,,,+162.4%,+51.5%,+373.1%
LITE,Extended,Technology,Information Technology,Technology Hardware & Equipmen,Adj,Jun,802.01,,,,+117.6%,-10.6%,+765.9%
CARR,Extended,Industrial / Cyclical,Industrials,Capital Goods,Adj,Dec,69.34,,,,+31.2%,+9.5%,-9.7%
D,Extended,Utilities,Utilities,Utilities,Adj,Dec,70.08,,,,+19.6%,+9.1%,+20.5%
SRE,Extended,Utilities,Utilities,Utilities,Adj,Dec,94.2,,,,+6.7%,-4.7%,+25.8%
TRGP,Extended,Energy,Energy,Energy,Adj,Dec,273.35,,,,+48.2%,+12.4%,+60.1%
O,Extended,Real Estate,Real Estate,Equity Real Estate Investment,Adj,Dec,63.31,,,,+12.3%,-0.7%,+11.2%
BKR,Extended,Energy,Energy,Energy,Adj,Dec,57.56,,,,+26.4%,-8.4%,+45.0%
NUE,Extended,Materials,Materials,Materials,Adj,Dec,227.37,,,,+39.4%,+22.2%,+58.7%
OKE,Extended,Energy,Energy,Energy,Adj,Dec,89.92,,,,+22.3%,+4.3%,+11.1%
CRWV,Extended,Software,Information Technology,Software & Services,Adj,Dec,88.88,,,,+24.1%,-12.9%,-35.7%
ETR,Extended,Utilities,Utilities,Utilities,Adj,Dec,115.05,,,,+24.5%,-1.2%,+40.1%
CTVA,Extended,Materials,Materials,Materials,Adj,Dec,85.68,,,,+27.8%,+2.2%,+14.5%
LHX,Extended,Industrial / Cyclical,Industrials,Capital Goods,Adj,Dec,290.77,,,,-1.0%,-17.8%,+11.8%
ROK,Extended,Industrial / Cyclical,Industrials,Capital Goods,Adj,Sep,472.12,,,,+21.3%,+19.2%,+36.9%
EW,Extended,Healthcare providers,Health Care,Health Care Equipment & Servic,Adj,Dec,92.21,,,,+8.2%,+18.4%,+17.0%
FANG,Extended,Energy,Energy,Energy,Adj,Dec,183.39,,,,+22.0%,-2.6%,+28.2%
FER,Extended,Industrial / Cyclical,Industrials,Capital Goods,Adj,Dec,64.28,,,,-0.5%,-10.0%,+22.9%
OXY,Extended,Energy,Energy,Energy,Adj,Dec,52.89,,,,+28.6%,-8.8%,+15.4%
XEL,Extended,Utilities,Utilities,Utilities,Adj,Dec,80.06,,,,+8.4%,-2.8%,+17.0%
FITB,Extended,Banks,Financials,Banks,Adj,Dec,57.07,,,,+21.9%,+15.7%,+29.6%
RKLB,Extended,Industrial / Cyclical,Industrials,Capital Goods,Adj,Dec,81.04,,,,+16.2%,+19.1%,+107.3%
DVN,Extended,Energy,Energy,Energy,Adj,Dec,42.23,,,,+15.3%,-11.6%,+24.4%
EXC,Extended,Utilities,Utilities,Utilities,Adj,Dec,46.8,,,,+7.4%,-3.6%,+7.3%
DHI,Extended,Consumer discretionary,Consumer Discretionary,Consumer Durables & Apparel,Adj,Sep,151.58,,,,+5.2%,+6.3%,+8.6%
ODFL,Extended,Industrial / Cyclical,Industrials,Transportation,Adj,Dec,227.625,,,,+45.2%,+9.3%,+33.0%
GRMN,Extended,Consumer discretionary,Consumer Discretionary,Consumer Durables & Apparel,Adj,Dec,243.11,,,,+19.8%,-5.4%,+11.6%
CCEP,Extended,Cons. staples,Consumer Staples,"Food, Beverage & Tobacco",Adj,Dec,105.84,,,,+16.7%,+8.6%,+10.9%
KDP,Extended,Cons. staples,Consumer Staples,"Food, Beverage & Tobacco",Adj,Dec,31.67,,,,+13.1%,+19.2%,-5.9%
AMP,Extended,Financials and related,Financials,Financial Services,Adj,Dec,506.76,,,,+3.3%,+13.5%,-6.6%
VTR,Extended,Real Estate,Real Estate,Equity Real Estate Investment,Adj,Dec,90.66,,,,+17.2%,+6.7%,+43.3%
BDX,Extended,Healthcare providers,Health Care,Health Care Equipment & Servic,Adj,Sep,151.94,,,,-2.2%,-1.5%,+7.0%
VMC,Extended,Materials,Materials,Materials,Adj,Dec,295.25,,,,+3.5%,-0.1%,+9.1%
PEG,Extended,Utilities,Utilities,Utilities,Adj,Dec,80.55,,,,+0.3%,-3.1%,-2.0%
ED,Extended,Utilities,Utilities,Utilities,Adj,Dec,111.12,,,,+11.9%,-2.1%,+9.9%
ADSK,Extended,Software,Information Technology,Software & Services,Adj,Jan,208.45,,,,-29.6%,-4.6%,-27.1%
JBL,Extended,Technology,Information Technology,Technology Hardware & Equipmen,Adj,Aug,330.29,,,,+44.9%,+10.3%,+49.5%
ALNY,Extended,Pharma / Med Devices,Health Care,"Pharmaceuticals, Biotechnology",Adj,Dec,298.76,,,,-24.9%,-7.2%,-7.4%
TKO,Extended,Media content,Communication Services,Media & Entertainment,Adj,Dec,184.4,,,,-11.8%,-6.6%,+6.7%
EME,Extended,Industrial / Cyclical,Industrials,Capital Goods,Adj,Dec,781.78,,,,+27.8%,-2.6%,+42.8%
MLM,Extended,Materials,Materials,Materials,Adj,Dec,577.72,,,,-7.2%,-8.5%,+2.4%
WEC,Extended,Utilities,Utilities,Utilities,Adj,Dec,114.96,,,,+9.0%,-2.2%,+8.8%
PCG,Extended,Utilities,Utilities,Utilities,Adj,Dec,17.17,,,,+6.8%,-7.4%,+26.8%
HBAN,Extended,Banks,Financials,Banks,Adj,Dec,17.87,,,,+3.0%,+9.1%,+1.8%
KVUE,Extended,Cons. staples,Consumer Staples,Household & Personal Products,Adj,Dec,19.48,,,,+12.9%,+12.3%,-6.9%
ADM,Extended,Cons. staples,Consumer Staples,"Food, Beverage & Tobacco",Adj,Dec,80.41,,,,+39.9%,+15.3%,+46.5%
STLD,Extended,Materials,Materials,Materials,Adj,Dec,228.42,,,,+34.8%,+19.9%,+66.3%
KMB,Extended,Cons. staples,Consumer Staples,Household & Personal Products,Adj,Dec,112.41,,,,+11.4%,+15.6%,-14.8%
TRI,Extended,Industrial / Cyclical,Industrials,Commercial & Professional Serv,Adj,Dec,89.65,,,,-32.0%,+7.6%,-55.5%
Q,Extended,Technology,Information Technology,Semiconductors & Semiconductor,Adj,Dec,143.8,,,,+76.1%,+10.1%,
ZTS,Extended,Pharma / Med Devices,Health Care,"Pharmaceuticals, Biotechnology",Adj,Dec,75.56,,,,-39.9%,-35.9%,-52.4%
NTRS,Extended,Financials and related,Financials,Financial Services,Adj,Dec,183.55,,,,+34.4%,+20.6%,+45.0%
AEE,Extended,Utilities,Utilities,Utilities,Adj,Dec,112.94,,,,+13.1%,-0.4%,+17.3%
LVS,Extended,Travel / tourism,Consumer Discretionary,Consumer Services,Adj,Dec,46.69,,,,-28.3%,-12.6%,-7.6%
DOV,Extended,Industrial / Cyclical,Industrials,Capital Goods,Adj,Dec,215.33,,,,+10.3%,-0.8%,+13.0%
MSTR,Extended,Software,Information Technology,Software & Services,Adj,Dec,94.64,,,,-37.7%,-26.4%,-77.6%
NTAP,Extended,Technology,Information Technology,Technology Hardware & Equipmen,Adj,Apr,168.87,,,,+57.7%,+76.0%,+58.7%
CFG,Extended,Banks,Financials,Banks,Adj,Dec,70.34,,,,+20.4%,+9.6%,+46.8%
RJF,Extended,Financials and related,Financials,Financial Services,Adj,Sep,168.12,,,,+4.7%,+15.0%,+4.9%
GEHC,Extended,Healthcare providers,Health Care,Health Care Equipment & Servic,Adj,Dec,64.7,,,,-21.1%,-11.6%,-15.4%
RMD,Extended,Healthcare providers,Health Care,Health Care Equipment & Servic,Adj,Jun,203.87,,,,-15.4%,-10.9%,-21.0%
VICI,Extended,Real Estate,Real Estate,Equity Real Estate Investment,Adj,Dec,26.01,,,,-7.5%,-7.5%,-22.7%
ATO,Extended,Utilities,Utilities,Utilities,Adj,Sep,176.2,,,,+5.1%,-7.4%,+14.1%
CNP,Extended,Utilities,Utilities,Utilities,Adj,Dec,43.54,,,,+13.6%,+0.3%,+20.2%
EIX,Extended,Utilities,Utilities,Utilities,Adj,Dec,75.2,,,,+25.3%,-0.7%,+46.6%
OTIS,Extended,Industrial / Cyclical,Industrials,Capital Goods,Adj,Dec,73.09,,,,-16.3%,-8.6%,-26.9%
HUBB,Extended,Industrial / Cyclical,Industrials,Capital Goods,Adj,Dec,490.94,,,,+10.5%,-8.4%,+16.3%
XYL,Extended,Industrial / Cyclical,Industrials,Capital Goods,Adj,Dec,121.22,,,,-11.0%,-5.8%,-7.9%
CINF,Extended,Insurance and reinsurance,Financials,Insurance,Adj,Dec,179.28,,,,+9.8%,+11.3%,+21.3%
PPL,Extended,Utilities,Utilities,Utilities,Adj,Dec,35.78,,,,+2.2%,-9.8%,+4.2%
FE,Extended,Utilities,Utilities,Utilities,Adj,Dec,47.92,,,,+7.0%,-6.8%,+18.2%
ECHO,Extended,Media content,Communication Services,Media & Entertainment,Adj,Dec,96.0,,,,-11.7%,-25.3%,+198.8%
ES,Extended,Utilities,Utilities,Utilities,Adj,Dec,74.82,,,,+11.1%,+6.9%,+13.2%
PHM,Extended,Consumer discretionary,Consumer Discretionary,Consumer Durables & Apparel,Adj,Dec,124.75,,,,+6.4%,+3.7%,+8.3%
AVB,Extended,Real Estate,Real Estate,Equity Real Estate Investment,Adj,Dec,191.84,,,,+5.8%,+13.0%,-5.4%
RF,Extended,Banks,Financials,Banks,Adj,Dec,31.02,,,,+14.5%,+12.8%,+24.9%
KEY,Extended,Banks,Financials,Banks,Adj,Dec,23.3,,,,+12.9%,+8.6%,+26.0%
AWK,Extended,Utilities,Utilities,Utilities,Adj,Dec,130.69,,,,+0.1%,-4.8%,-8.4%
WST,Extended,Pharma / Med Devices,Health Care,"Pharmaceuticals, Biotechnology",Adj,Dec,353.71,,,,+28.6%,+37.9%,+54.3%
SW,Extended,Materials,Materials,Materials,Adj,Dec,44.23,,,,+14.4%,+5.2%,-7.9%
DRI,Extended,Travel / tourism,Consumer Discretionary,Consumer Services,Adj,May,204.25,,,,+11.0%,+6.2%,-4.1%
FDXF,Extended,Industrial / Cyclical,Industrials,Transportation,Adj,May,149.53,,,,,,
CMS,Extended,Utilities,Utilities,Utilities,Adj,Dec,75.4,,,,+7.8%,-5.0%,+6.9%
MRNA,Extended,Pharma / Med Devices,Health Care,"Pharmaceuticals, Biotechnology",Adj,Dec,68.27,,,,+131.5%,+34.0%,+99.2%
CHD,Extended,Cons. staples,Consumer Staples,Household & Personal Products,Adj,Dec,96.36,,,,+14.9%,+1.0%,-2.8%
L,Extended,Insurance and reinsurance,Financials,Insurance,Adj,Dec,114.99,,,,+9.2%,+5.0%,+27.1%
PFG,Extended,Insurance and reinsurance,Financials,Insurance,Adj,Dec,112.23,,,,+27.2%,+22.3%,+37.5%
NI,Extended,Utilities,Utilities,Utilities,Adj,Dec,46.9,,,,+12.3%,-2.4%,+18.4%
FFIV,Extended,Technology,Information Technology,Technology Hardware & Equipmen,Adj,Sep,430.39,,,,+68.6%,+48.5%,+43.5%
INCY,Extended,Pharma / Med Devices,Health Care,"Pharmaceuticals, Biotechnology",Adj,Dec,116.71,,,,+18.2%,+21.5%,+65.9%
VLTO,Extended,Industrial / Cyclical,Industrials,Commercial & Professional Serv,Adj,Dec,92.7,,,,-7.1%,+3.6%,-10.1%
BG,Extended,Cons. staples,Consumer Staples,"Food, Beverage & Tobacco",Adj,Dec,114.32,,,,+28.3%,-7.7%,+49.4%
EXE,Extended,Energy,Energy,Energy,Adj,Dec,87.25,,,,-20.9%,-11.9%,-17.1%
STE,Extended,Healthcare providers,Health Care,Health Care Equipment & Servic,Adj,Mar,216.0,,,,-14.8%,-3.0%,-6.4%
TSN,Extended,Cons. staples,Consumer Staples,"Food, Beverage & Tobacco",Adj,Sep,57.83,,,,-1.3%,-11.9%,+5.8%
EVRG,Extended,Utilities,Utilities,Utilities,Adj,Dec,85.71,,,,+18.2%,+2.5%,+23.5%
AMCR,Extended,Materials,Materials,Materials,Adj,Jun,43.18,,,,+3.5%,+4.9%,-12.1%
LII,Extended,Industrial / Cyclical,Industrials,Capital Goods,Adj,Dec,552.03,,,,+13.7%,+9.2%,-10.6%
FOX,Extended,Media content,Communication Services,Media & Entertainment,Adj,Jun,48.75,,,,-24.9%,-11.2%,-6.1%
LNT,Extended,Utilities,Utilities,Utilities,Adj,Dec,76.4,,,,+17.5%,+4.5%,+22.0%
DD,Extended,Materials,Materials,Materials,Adj,Dec,134.68,,,,+11.7%,-5.0%,+41.0%
VTRS,Extended,Pharma / Med Devices,Health Care,"Pharmaceuticals, Biotechnology",Adj,Dec,16.27,,,,+30.7%,+20.8%,+75.9%
WY,Extended,Real Estate,Real Estate,Equity Real Estate Investment,Adj,Dec,23.45,,,,-1.0%,-4.8%,-10.4%
ESS,Extended,Real Estate,Real Estate,Equity Real Estate Investment,Adj,Dec,293.55,,,,+12.2%,+17.4%,+2.4%
LYB,Extended,Materials,Materials,Materials,Adj,Dec,56.35,,,,+30.1%,-23.6%,-13.7%
KIM,Extended,Real Estate,Real Estate,Equity Real Estate Investment,Adj,Dec,24.88,,,,+22.7%,+7.4%,+16.4%
HST,Extended,Real Estate,Real Estate,Equity Real Estate Investment,Adj,Dec,23.18,,,,+34.7%,+18.5%,+45.2%
GNRC,Extended,Industrial / Cyclical,Industrials,Capital Goods,Adj,Dec,233.94,,,,+71.5%,+13.0%,+53.9%
ALB,Extended,Materials,Materials,Materials,Adj,Dec,126.05,,,,-10.9%,-27.4%,+69.7%
AKAM,Extended,Software,Information Technology,Software & Services,Adj,Dec,126.19,,,,+44.6%,+38.1%,+58.8%
TSCO,Extended,Retailers,Consumer Discretionary,Consumer Discretionary Distrib,Adj,Dec,30.43,,,,-39.2%,-32.4%,-47.0%
BR,Extended,Industrial / Cyclical,Industrials,Commercial & Professional Serv,Adj,Jun,147.47,,,,-33.9%,-2.4%,-38.2%
CF,Extended,Materials,Materials,Materials,Adj,Dec,116.92,,,,+51.2%,-3.6%,+22.1%
MAA,Extended,Real Estate,Real Estate,Equity Real Estate Investment,Adj,Dec,135.25,,,,-2.6%,+7.0%,-10.5%
TXT,Extended,Industrial / Cyclical,Industrials,Capital Goods,Adj,Dec,90.91,,,,+4.3%,-0.5%,+6.7%
REG,Extended,Real Estate,Real Estate,Equity Real Estate Investment,Adj,Dec,79.62,,,,+15.3%,+1.6%,+15.0%
NWS,Extended,Media content,Communication Services,Media & Entertainment,Adj,Jun,30.93,,,,+4.4%,+9.4%,-10.2%
NWSA,Extended,Media content,Communication Services,Media & Entertainment,Adj,Jun,27.37,,,,+4.8%,+11.8%,-7.7%
DOC,Extended,Real Estate,Real Estate,Equity Real Estate Investment,Adj,Dec,21.65,,,,+34.6%,+29.3%,+16.8%
GEN,Extended,Software,Information Technology,Software & Services,Adj,Mar,25.91,,,,-4.7%,+44.8%,-12.7%
EG,Extended,Insurance and reinsurance,Financials,Insurance,Adj,Dec,370.58,,,,+9.2%,+12.3%,+8.9%
SOLV,Extended,Healthcare providers,Health Care,Health Care Equipment & Servic,Adj,Dec,76.7,,,,-3.2%,+16.6%,+1.1%
PTC,Extended,Software,Information Technology,Software & Services,Adj,Sep,124.74,,,,-28.4%,-6.5%,-35.9%
AIZ,Extended,Insurance and reinsurance,Financials,Insurance,Adj,Dec,278.89,,,,+15.8%,+27.1%,+46.8%
APTV,Extended,Autos,Consumer Discretionary,Automobiles & Components,Adj,Dec,60.57,,,,-6.0%,+1.5%,+1.3%
LDOS,Extended,Industrial / Cyclical,Industrials,Commercial & Professional Serv,Adj,Dec,107.02,,,,-40.7%,-30.0%,-34.3%
PNW,Extended,Utilities,Utilities,Utilities,Adj,Dec,108.12,,,,+21.9%,+4.4%,+18.4%
BF/B,Extended,Cons. staples,Consumer Staples,"Food, Beverage & Tobacco",Adj,Apr,26.17,,,,+0.4%,-11.3%,-10.0%
UDR,Extended,Real Estate,Real Estate,Equity Real Estate Investment,Adj,Dec,39.73,,,,+8.3%,+13.2%,-1.9%
RVTY,Extended,Pharma / Med Devices,Health Care,"Pharmaceuticals, Biotechnology",Adj,Dec,112.29,,,,+16.1%,+25.1%,+9.7%
PNR,Extended,Industrial / Cyclical,Industrials,Capital Goods,Adj,Dec,76.19,,,,-26.8%,-15.5%,-29.2%
ERIE,Extended,Insurance and reinsurance,Financials,Insurance,Adj,Dec,251.81,,,,-12.2%,-0.8%,-28.3%
SJM,Extended,Cons. staples,Consumer Staples,"Food, Beverage & Tobacco",Adj,Apr,111.6,,,,+14.1%,+22.8%,+6.6%
HAS,Extended,Consumer discretionary,Consumer Discretionary,Consumer Durables & Apparel,Adj,Dec,78.96,,,,-3.7%,-13.9%,+2.4%
TRMB,Extended,Software,Information Technology,Software & Services,Adj,Dec,52.82,,,,-32.6%,-18.4%,-34.7%
APA,Extended,Energy,Energy,Energy,Adj,Dec,33.44,,,,+36.7%,-13.4%,+63.9%
CLX,Extended,Cons. staples,Consumer Staples,Household & Personal Products,Adj,Jun,96.56,,,,-4.2%,-8.3%,-24.5%
CPT,Extended,Real Estate,Real Estate,Equity Real Estate Investment,Adj,Dec,112.96,,,,+2.6%,+10.8%,-0.4%
BAX,Extended,Healthcare providers,Health Care,Health Care Equipment & Servic,Adj,Dec,22.62,,,,+18.4%,+31.9%,-23.8%
TECH,Extended,Pharma / Med Devices,Health Care,"Pharmaceuticals, Biotechnology",Adj,Jun,71.3,,,,+21.2%,+28.4%,+31.0%
HII,Extended,Industrial / Cyclical,Industrials,Capital Goods,Adj,Dec,286.09,,,,-15.9%,-27.5%,+10.8%
PSKY,Extended,Media content,Communication Services,Media & Entertainment,Adj,Dec,9.41,,,,-29.8%,-11.4%,
FRT,Extended,Real Estate,Real Estate,Equity Real Estate Investment,Adj,Dec,120.94,,,,+20.0%,+10.9%,+27.8%
GDDY,Extended,Software,Information Technology,Software & Services,Adj,Dec,88.92,,,,-28.3%,+12.1%,-47.9%
AES,Extended,Utilities,Utilities,Utilities,Adj,Dec,14.78,,,,+3.1%,+2.7%,+19.1%
BXP,Extended,Real Estate,Real Estate,Equity Real Estate Investment,Adj,Dec,66.82,,,,-1.0%,+26.1%,-4.9%
NCLH,Extended,Travel / tourism,Consumer Discretionary,Consumer Services,Adj,Dec,19.61,,,,-12.1%,-1.8%,-15.3%
HSIC,Extended,Healthcare providers,Health Care,Health Care Equipment & Servic,Adj,Dec,84.4,,,,+11.7%,+12.0%,+13.2%
ARE,Extended,Real Estate,Real Estate,Equity Real Estate Investment,Adj,Dec,47.88,,,,-2.2%,+12.4%,-39.6%
IT,Extended,Software,Information Technology,Software & Services,Adj,Dec,133.24,,,,-47.2%,-7.3%,-65.6%
AOS,Extended,Industrial / Cyclical,Industrials,Capital Goods,Adj,Dec,60.44,,,,-9.6%,-8.3%,-14.2%
MOS,Extended,Materials,Materials,Materials,Adj,Dec,21.51,,,,-10.7%,-13.1%,-40.2%
CAG,Extended,Cons. staples,Consumer Staples,"Food, Beverage & Tobacco",Adj,May,13.83,,,,-20.1%,-8.9%,-29.0%
