Ticker,Group,EPS Type,Year,Q2 2024,Q3 2024,Q3 2024 chg,Q4 2024,Q4 2024 chg,Q1 2025,Q1 2025 chg,Q2 2025,Q2 2025 chg,Q3 2025,Q3 2025 chg,Q4 2025,Q4 2025 chg,Q1 2026,Q1 2026 chg,Price,PE,12m Rev
HCA,Portfolio,Adj,CY2025,23.25,24.91,+7.1%,24.61,-1.2%,24.95,+1.3%,25.33,+1.5%,26.27,+3.7%,27.69,+5.4%,27.69,+0.0%,471.84,17.0,+11.0%
HCA,Portfolio,Adj,CY2026,26.44,28.15,+6.4%,27.21,-3.3%,27.94,+2.7%,28.02,+0.3%,28.19,+0.6%,29.61,+5.1%,30.37,+2.5%,471.84,15.5,+8.7%
HCA,Portfolio,Adj,CY2027,29.46,31.3,+6.2%,30.93,-1.2%,31.11,+0.6%,31.6,+1.6%,31.44,-0.5%,32.85,+4.5%,33.33,+1.5%,471.84,14.2,+7.2%
HCA,Portfolio,Adj,CY2028,32.1,35.33,+10.1%,33.89,-4.1%,34.97,+3.2%,36.22,+3.6%,35.68,-1.5%,36.58,+2.5%,37.34,+2.1%,471.84,12.6,+6.8%
UNH,Portfolio,GAAP,CY2025,29.53,29.68,+0.5%,28.38,-4.4%,28.32,-0.2%,20.8,-26.6%,14.83,-28.7%,14.94,+0.8%,14.95,+0.0%,277.26,18.5,-47.2%
UNH,Portfolio,GAAP,CY2026,34.34,34.26,-0.2%,32.15,-6.2%,32.01,-0.4%,24.3,-24.1%,16.3,-32.9%,16.41,+0.6%,16.83,+2.6%,277.26,16.5,-47.4%
UNH,Portfolio,GAAP,CY2027,37.72,38.44,+1.9%,36.72,-4.5%,36.12,-1.6%,28.05,-22.3%,19.18,-31.6%,19.38,+1.0%,18.58,-4.1%,277.26,14.9,-48.6%
UNH,Portfolio,GAAP,CY2028,43.74,43.88,+0.3%,41.61,-5.2%,40.8,-2.0%,32.69,-19.9%,24.2,-26.0%,23.72,-2.0%,22.03,-7.1%,277.26,12.6,-46.0%
TSM,Portfolio,GAAP,CY2025,7.64,8.46,+10.7%,8.89,+5.0%,9.03,+1.6%,10.17,+12.6%,9.81,-3.5%,10.24,+4.3%,10.24,+0.0%,339.04,33.1,+13.4%
TSM,Portfolio,GAAP,CY2026,9.14,10.08,+10.2%,10.49,+4.1%,10.74,+2.4%,11.79,+9.8%,11.24,-4.7%,12.15,+8.1%,14.06,+15.7%,339.04,24.1,+30.9%
TSM,Portfolio,GAAP,CY2027,9.99,11.38,+13.9%,11.98,+5.3%,12.4,+3.5%,13.66,+10.2%,13.36,-2.2%,14.39,+7.7%,17.24,+19.8%,339.04,19.7,+39.0%
TSM,Portfolio,GAAP,CY2028,11.45,13.13,+14.7%,13.85,+5.5%,13.25,-4.3%,15.04,+13.5%,15.4,+2.4%,16.15,+4.9%,20.34,+26.0%,339.04,16.7,+53.5%
AVGO,Portfolio,GAAP,CY2025,3.84,3.99,+3.9%,3.96,-0.8%,4.66,+17.7%,4.53,-2.8%,4.23,-6.6%,4.25,+0.4%,,,314.55,74.1,+7.3%
AVGO,Portfolio,GAAP,CY2026,4.95,4.81,-2.8%,5.36,+11.4%,5.91,+10.1%,6.13,+3.8%,6.44,+5.1%,7.91,+22.8%,9.12,+15.3%,314.55,34.5,+54.4%
AVGO,Portfolio,GAAP,CY2027,6.67,31.08,+365.6%,6.59,-78.8%,6.9,+4.8%,7.67,+11.2%,8.98,+17.0%,11.63,+29.5%,15.28,+31.3%,314.55,20.6,+121.3%
AVGO,Portfolio,GAAP,CY2028,7.7,8.92,+15.9%,9.69,+8.6%,10.34,+6.7%,9.88,-4.4%,11.3,+14.4%,15.03,+33.0%,18.9,+25.8%,314.55,16.6,+82.8%
NVDA,Portfolio,GAAP,CY2025,2.61,2.81,+7.4%,2.87,+2.4%,2.85,-1.0%,,,,,,,,,177.39,62.3,+8.9%
NVDA,Portfolio,GAAP,CY2026,3.5,3.97,+13.3%,4.38,+10.4%,4.37,-0.4%,4.12,-5.7%,4.4,+6.9%,4.61,+4.8%,4.63,+0.3%,177.39,38.3,+6.0%
NVDA,Portfolio,GAAP,CY2027,4.04,4.96,+22.8%,5.52,+11.2%,5.51,-0.2%,5.47,-0.6%,6.2,+13.3%,7.33,+18.2%,8.2,+11.8%,177.39,21.6,+48.8%
NVDA,Portfolio,GAAP,CY2028,4.38,5.17,+18.1%,6.53,+26.2%,6.27,-4.0%,6.33,+0.9%,7.35,+16.2%,9.21,+25.3%,10.89,+18.2%,177.39,16.3,+73.8%
META,Portfolio,GAAP,CY2025,23.3,24.47,+5.0%,25.47,+4.1%,25.19,-1.1%,25.54,+1.4%,28.14,+10.2%,22.8,-19.0%,22.81,+0.1%,574.46,25.2,-9.4%
META,Portfolio,GAAP,CY2026,27.13,28.14,+3.7%,29.01,+3.1%,28.75,-0.9%,28.34,-1.4%,29.93,+5.6%,29.62,-1.0%,29.63,+0.0%,574.46,19.4,+3.1%
META,Portfolio,GAAP,CY2027,31.18,32.41,+4.0%,33.86,+4.5%,33.24,-1.8%,32.47,-2.3%,34.2,+5.3%,33.54,-1.9%,34.52,+2.9%,574.46,16.6,+3.8%
META,Portfolio,GAAP,CY2028,34.12,35.93,+5.3%,37.19,+3.5%,37.42,+0.6%,37.96,+1.4%,39.93,+5.2%,38.86,-2.7%,40.54,+4.3%,574.46,14.2,+8.3%
AMZN,Portfolio,GAAP,CY2025,5.83,5.82,-0.1%,6.22,+7.0%,6.33,+1.7%,6.24,-1.4%,6.67,+6.9%,7.09,+6.3%,7.1,+0.1%,209.77,29.5,+12.2%
AMZN,Portfolio,GAAP,CY2026,7.42,7.34,-1.1%,7.61,+3.6%,7.63,+0.3%,7.3,-4.4%,7.63,+4.5%,7.93,+3.9%,7.72,-2.6%,209.77,27.2,+1.2%
AMZN,Portfolio,GAAP,CY2027,8.66,8.87,+2.3%,9.17,+3.4%,9.37,+2.2%,8.88,-5.3%,9.25,+4.2%,9.69,+4.7%,9.33,-3.7%,209.77,22.5,-0.5%
AMZN,Portfolio,GAAP,CY2028,10.32,10.51,+1.9%,10.91,+3.8%,10.97,+0.6%,10.51,-4.2%,10.94,+4.2%,11.2,+2.3%,11.64,+4.0%,209.77,18.0,+6.1%
JPM,Portfolio,GAAP,CY2025,16.41,17.0,+3.6%,16.97,-0.2%,18.39,+8.4%,18.65,+1.4%,19.9,+6.7%,20.27,+1.9%,19.77,-2.5%,294.6,14.9,+7.5%
JPM,Portfolio,GAAP,CY2026,17.65,18.06,+2.3%,18.15,+0.5%,19.61,+8.0%,19.77,+0.8%,20.63,+4.3%,21.05,+2.0%,21.53,+2.3%,294.6,13.7,+9.8%
JPM,Portfolio,GAAP,CY2027,17.23,17.47,+1.4%,19.14,+9.5%,21.38,+11.7%,21.02,-1.7%,21.84,+3.9%,22.75,+4.2%,23.18,+1.9%,294.6,12.7,+8.4%
JPM,Portfolio,GAAP,CY2028,18.43,18.78,+1.9%,18.78,+0.0%,20.1,+7.0%,20.1,+0.0%,21.9,+9.0%,24.18,+10.4%,25.47,+5.4%,294.6,11.6,+26.7%
APO,Portfolio,Adj,CY2025,9.04,8.53,-5.6%,8.54,+0.1%,8.28,-3.0%,7.74,-6.6%,7.78,+0.6%,7.99,+2.7%,7.96,-0.5%,107.04,13.5,-4.0%
APO,Portfolio,Adj,CY2026,10.63,10.23,-3.8%,10.1,-1.3%,9.78,-3.1%,9.38,-4.1%,9.29,-1.0%,9.17,-1.3%,9.2,+0.3%,107.04,11.6,-5.9%
APO,Portfolio,Adj,CY2027,,11.81,,11.96,+1.2%,11.45,-4.2%,11.09,-3.2%,11.11,+0.2%,10.99,-1.1%,10.8,-1.7%,107.04,9.9,-5.7%
APO,Portfolio,Adj,CY2028,,,,14.09,,12.3,-12.7%,12.36,+0.5%,12.62,+2.1%,12.4,-1.7%,12.63,+1.8%,107.04,8.5,+2.7%
PGR,Portfolio,Adj,CY2025,12.22,13.41,+9.7%,14.28,+6.5%,15.48,+8.4%,16.38,+5.8%,18.29,+11.7%,17.88,-2.2%,17.9,+0.1%,195.25,10.9,+15.6%
PGR,Portfolio,Adj,CY2026,13.2,14.1,+6.9%,14.76,+4.7%,15.71,+6.4%,15.95,+1.5%,16.66,+4.4%,16.18,-2.9%,16.23,+0.3%,195.25,12.0,+3.3%
PGR,Portfolio,Adj,CY2027,14.33,14.71,+2.7%,15.3,+4.0%,16.89,+10.4%,16.86,-0.2%,16.83,-0.1%,16.29,-3.2%,16.22,-0.4%,195.25,12.0,-4.0%
PGR,Portfolio,Adj,CY2028,15.18,15.84,+4.3%,16.1,+1.7%,17.91,+11.2%,17.91,+0.0%,17.44,-2.6%,16.86,-3.3%,16.1,-4.5%,195.25,12.1,-10.1%
CVNA,Portfolio,Adj,CY2025,0.25,1.49,+502.0%,2.55,+71.2%,3.36,+32.1%,4.87,+44.9%,5.25,+7.7%,5.12,-2.4%,5.14,+0.4%,313.91,61.1,+52.8%
CVNA,Portfolio,Adj,CY2026,1.69,3.05,+80.3%,4.76,+55.8%,4.93,+3.7%,6.16,+24.8%,7.05,+14.5%,7.24,+2.7%,7.41,+2.4%,313.91,42.4,+50.2%
CVNA,Portfolio,Adj,CY2027,4.15,5.16,+24.3%,7.39,+43.1%,6.91,-6.4%,7.81,+13.0%,9.91,+26.8%,9.77,-1.4%,10.07,+3.1%,313.91,31.2,+45.7%
CVNA,Portfolio,Adj,CY2028,5.43,6.36,+17.1%,8.95,+40.7%,8.17,-8.7%,12.16,+48.9%,13.42,+10.3%,12.68,-5.5%,12.91,+1.8%,313.91,24.3,+58.1%
APP,Portfolio,Adj,CY2025,3.75,4.67,+24.8%,6.02,+28.8%,6.7,+11.2%,8.11,+21.1%,9.04,+11.4%,9.37,+3.7%,9.38,+0.1%,386.37,41.2,+40.1%
APP,Portfolio,Adj,CY2026,4.54,6.06,+33.5%,8.03,+32.4%,9.8,+22.1%,11.95,+21.9%,14.03,+17.4%,14.66,+4.5%,15.46,+5.5%,386.37,25.0,+57.7%
APP,Portfolio,Adj,CY2027,5.02,6.92,+37.9%,10.34,+49.3%,12.84,+24.2%,14.53,+13.1%,17.55,+20.8%,18.9,+7.7%,20.32,+7.5%,386.37,19.0,+58.3%
APP,Portfolio,Adj,CY2028,5.6,7.91,+41.2%,11.71,+48.1%,15.41,+31.7%,17.57,+14.0%,22.69,+29.2%,23.81,+4.9%,25.3,+6.3%,386.37,15.3,+64.1%
VEEV,Portfolio,Adj,CY2025,6.16,6.24,+1.3%,6.45,+3.4%,6.45,+0.0%,,,,,,,,,173.98,27.0,+4.8%
VEEV,Portfolio,Adj,CY2026,6.79,6.83,+0.7%,7.02,+2.8%,7.32,+4.2%,7.66,+4.7%,7.8,+1.9%,7.93,+1.7%,7.94,+0.1%,173.98,21.9,+8.5%
VEEV,Portfolio,Adj,CY2027,7.6,7.66,+0.7%,7.81,+2.0%,8.08,+3.4%,8.33,+3.2%,8.44,+1.4%,8.57,+1.5%,8.86,+3.4%,173.98,19.6,+9.8%
VEEV,Portfolio,Adj,CY2028,8.66,8.68,+0.2%,8.9,+2.5%,9.12,+2.5%,9.84,+7.8%,9.76,-0.8%,9.6,-1.6%,9.89,+3.0%,173.98,17.6,+8.4%
FICO,Watchlist,Adj,CY2025,29.45,29.66,+0.7%,29.89,+0.8%,29.06,-2.8%,29.26,+0.7%,29.52,+0.9%,29.52,-0.0%,,,1089.76,36.9,-1.2%
FICO,Watchlist,Adj,CY2026,35.14,36.07,+2.6%,37.27,+3.3%,36.25,-2.7%,36.34,+0.3%,35.3,-2.9%,40.4,+14.5%,41.97,+3.9%,1089.76,26.0,+15.8%
FICO,Watchlist,Adj,CY2027,45.1,45.94,+1.9%,46.04,+0.2%,45.34,-1.5%,45.12,-0.5%,43.26,-4.1%,51.13,+18.2%,53.09,+3.8%,1089.76,20.5,+17.1%
FICO,Watchlist,Adj,CY2028,54.29,56.24,+3.6%,60.5,+7.6%,56.43,-6.7%,56.19,-0.4%,52.21,-7.1%,59.21,+13.4%,63.17,+6.7%,1089.76,17.3,+11.9%
GOOG,Watchlist,GAAP,CY2025,8.61,8.77,+1.9%,9.01,+2.7%,8.95,-0.6%,9.59,+7.1%,9.91,+3.3%,10.59,+6.9%,10.6,+0.1%,294.46,27.8,+18.4%
GOOG,Watchlist,GAAP,CY2026,9.8,10.0,+2.0%,10.21,+2.1%,10.23,+0.2%,10.19,-0.4%,10.71,+5.0%,11.21,+4.7%,11.62,+3.7%,294.46,25.3,+13.6%
GOOG,Watchlist,GAAP,CY2027,11.36,11.51,+1.4%,11.61,+0.8%,12.23,+5.3%,11.53,-5.7%,12.2,+5.8%,13.42,+10.0%,13.56,+1.1%,294.46,21.7,+10.9%
GOOG,Watchlist,GAAP,CY2028,12.97,13.09,+0.9%,13.28,+1.5%,13.18,-0.8%,13.32,+1.1%,14.04,+5.4%,14.63,+4.2%,15.68,+7.2%,294.46,18.8,+19.0%
MU,Watchlist,GAAP,CY2025,9.25,8.39,-9.3%,6.74,-19.7%,6.57,-2.5%,7.2,+9.6%,7.42,+3.1%,,,,,366.24,49.4,-11.6%
MU,Watchlist,GAAP,CY2026,11.73,12.29,+4.8%,10.77,-12.4%,10.97,+1.8%,11.78,+7.4%,14.79,+25.5%,29.11,+96.8%,53.42,+83.5%,366.24,6.9,+387.0%
MU,Watchlist,GAAP,CY2027,14.32,13.98,-2.4%,11.61,-16.9%,11.84,+2.0%,15.84,+33.8%,17.32,+9.3%,37.05,+113.9%,90.59,+144.5%,366.24,4.0,+665.1%
MU,Watchlist,GAAP,CY2028,16.29,13.61,-16.5%,12.6,-7.4%,13.91,+10.4%,18.6,+33.7%,18.25,-1.9%,36.88,+102.1%,81.15,+120.0%,366.24,4.5,+483.4%
HOOD,Watchlist,Adj,CY2025,0.58,0.69,+19.2%,1.11,+61.0%,1.48,+33.3%,1.31,-11.5%,1.74,+32.9%,2.04,+17.3%,2.07,+1.4%,68.9,33.3,+39.8%
HOOD,Watchlist,Adj,CY2026,0.68,0.8,+18.5%,1.19,+48.4%,1.74,+46.3%,1.56,-9.9%,2.13,+36.1%,2.51,+18.0%,2.35,-6.3%,68.9,29.3,+35.6%
HOOD,Watchlist,Adj,CY2027,0.3,0.56,+86.7%,1.49,+166.6%,2.07,+38.8%,1.94,-6.4%,2.43,+25.1%,2.91,+19.9%,2.87,-1.2%,68.9,24.0,+38.5%
HOOD,Watchlist,Adj,CY2028,,,,,,1.91,,1.8,-5.2%,1.99,+10.2%,3.44,+73.1%,3.46,+0.5%,68.9,19.9,+81.7%
TDG,Watchlist,Adj,CY2025,39.1,40.27,+3.0%,37.45,-7.0%,37.38,-0.2%,37.49,+0.3%,36.85,-1.7%,36.62,-0.6%,,,1167.0,31.9,-2.2%
TDG,Watchlist,Adj,CY2026,43.98,45.72,+4.0%,43.2,-5.5%,43.34,+0.3%,43.46,+0.3%,41.5,-4.5%,39.05,-5.9%,39.05,+0.0%,1167.0,29.9,-9.9%
TDG,Watchlist,Adj,CY2027,47.08,49.23,+4.6%,48.56,-1.4%,49.42,+1.8%,49.69,+0.5%,47.99,-3.4%,45.83,-4.5%,45.8,-0.1%,1167.0,25.5,-7.3%
TDG,Watchlist,Adj,CY2028,48.15,50.55,+5.0%,50.55,+0.0%,53.11,+5.1%,52.84,-0.5%,51.64,-2.3%,53.57,+3.7%,52.82,-1.4%,1167.0,22.1,-0.5%
GE,Watchlist,GAAP,CY2025,5.29,5.27,-0.4%,5.19,-1.6%,5.46,+5.2%,5.78,+6.0%,6.11,+5.7%,6.86,+12.3%,6.91,+0.7%,281.16,40.7,+26.6%
GE,Watchlist,GAAP,CY2026,5.85,6.23,+6.5%,6.65,+6.7%,6.48,-2.6%,6.55,+1.2%,7.04,+7.5%,7.75,+10.0%,7.79,+0.5%,281.16,36.1,+20.2%
GE,Watchlist,GAAP,CY2027,6.59,7.35,+11.5%,7.56,+2.9%,7.38,-2.5%,7.62,+3.3%,8.08,+6.1%,8.82,+9.1%,8.96,+1.6%,281.16,31.4,+21.5%
GE,Watchlist,GAAP,CY2028,7.44,8.13,+9.2%,8.43,+3.7%,8.26,-1.9%,8.52,+3.1%,9.2,+8.0%,10.0,+8.6%,10.17,+1.7%,281.16,27.6,+23.1%
LRCX,Watchlist,GAAP,CY2025,3.59,3.57,-0.6%,3.52,-1.3%,3.75,+6.6%,4.01,+6.9%,4.01,+0.0%,,,,,218.44,54.4,+12.5%
LRCX,Watchlist,GAAP,CY2026,4.59,4.55,-0.8%,4.13,-9.2%,3.89,-5.9%,3.98,+2.3%,4.44,+11.7%,4.8,+8.0%,5.29,+10.3%,218.44,41.3,+36.2%
LRCX,Watchlist,GAAP,CY2027,4.98,4.96,-0.5%,4.88,-1.6%,4.71,-3.3%,4.7,-0.4%,5.01,+6.6%,5.66,+13.1%,6.98,+23.3%,218.44,31.3,+48.1%
LRCX,Watchlist,GAAP,CY2028,5.26,5.18,-1.5%,5.78,+11.6%,5.5,-4.9%,5.24,-4.6%,5.77,+10.2%,6.29,+8.9%,7.79,+24.0%,218.44,28.0,+41.8%
DASH,Watchlist,Adj,CY2025,4.04,3.52,-12.9%,4.16,+18.4%,4.42,+6.2%,4.13,-6.6%,4.28,+3.7%,5.08,+18.6%,5.08,+0.1%,156.45,30.8,+14.9%
DASH,Watchlist,Adj,CY2026,5.88,5.19,-11.7%,5.64,+8.7%,5.82,+3.1%,5.56,-4.4%,5.91,+6.3%,5.77,-2.4%,5.5,-4.7%,156.45,28.5,-5.4%
DASH,Watchlist,Adj,CY2027,3.11,3.76,+20.9%,4.86,+29.1%,6.51,+34.1%,6.36,-2.4%,7.52,+18.3%,7.49,-0.5%,7.31,-2.4%,156.45,21.4,+12.2%
DASH,Watchlist,Adj,CY2028,3.71,3.71,+0.0%,4.69,+26.2%,6.56,+39.9%,7.96,+21.3%,8.91,+12.0%,9.48,+6.4%,8.32,-12.2%,156.45,18.8,+26.9%
UBER,Watchlist,Adj,CY2025,2.48,2.62,+5.4%,2.92,+11.4%,2.76,-5.4%,3.63,+31.4%,3.58,-1.2%,6.51,+81.7%,2.49,-61.8%,71.84,28.9,-9.8%
UBER,Watchlist,Adj,CY2026,3.59,3.48,-3.1%,3.89,+11.9%,3.84,-1.2%,4.08,+6.2%,4.23,+3.6%,4.08,-3.5%,3.4,-16.6%,71.84,21.1,-11.5%
UBER,Watchlist,Adj,CY2027,4.66,4.44,-4.7%,4.42,-0.5%,4.87,+10.2%,4.93,+1.3%,4.92,-0.2%,4.9,-0.4%,4.39,-10.3%,71.84,16.3,-9.7%
UBER,Watchlist,Adj,CY2028,5.02,5.12,+1.9%,5.24,+2.4%,5.73,+9.3%,5.56,-2.9%,5.7,+2.5%,6.03,+5.8%,5.56,-7.8%,71.84,12.9,-2.9%
LLY,Watchlist,GAAP,CY2025,18.78,22.73,+21.0%,22.77,+0.2%,22.93,+0.7%,21.37,-6.8%,22.34,+4.6%,23.04,+3.1%,22.81,-1.0%,935.58,41.0,-0.5%
LLY,Watchlist,GAAP,CY2026,24.69,29.92,+21.2%,28.33,-5.3%,28.81,+1.7%,29.16,+1.2%,29.76,+2.1%,32.35,+8.7%,34.11,+5.5%,935.58,27.4,+18.4%
LLY,Watchlist,GAAP,CY2027,31.75,36.38,+14.6%,34.06,-6.4%,34.55,+1.4%,35.25,+2.0%,35.82,+1.6%,39.67,+10.7%,40.62,+2.4%,935.58,23.0,+17.6%
LLY,Watchlist,GAAP,CY2028,37.89,42.95,+13.4%,39.94,-7.0%,40.59,+1.6%,42.17,+3.9%,41.77,-0.9%,46.88,+12.2%,47.51,+1.3%,935.58,19.7,+17.0%
MSFT,Watchlist,GAAP,CY2025,13.32,13.2,-0.9%,13.07,-1.0%,13.13,+0.5%,13.39,+2.0%,13.4,+0.1%,,,,,373.46,27.9,+1.5%
MSFT,Watchlist,GAAP,CY2026,15.68,15.31,-2.3%,15.16,-1.0%,15.02,-0.9%,15.19,+1.1%,15.62,+2.9%,15.96,+2.2%,16.91,+6.0%,373.46,22.1,+12.6%
MSFT,Watchlist,GAAP,CY2027,18.29,18.1,-1.0%,17.7,-2.2%,17.42,-1.6%,17.75,+1.9%,18.3,+3.1%,18.74,+2.4%,19.01,+1.4%,373.46,19.6,+9.1%
MSFT,Watchlist,GAAP,CY2028,20.52,20.23,-1.4%,20.13,-0.5%,19.94,-0.9%,21.16,+6.1%,21.32,+0.8%,22.12,+3.7%,22.37,+1.1%,373.46,16.7,+12.2%
V,Watchlist,GAAP,CY2025,11.15,11.01,-1.3%,11.1,+0.8%,11.11,+0.1%,10.81,-2.6%,10.73,-0.8%,10.72,-0.0%,,,300.8,28.1,-3.4%
V,Watchlist,GAAP,CY2026,12.64,12.47,-1.4%,12.54,+0.6%,12.69,+1.2%,12.67,-0.1%,12.75,+0.6%,12.69,-0.4%,12.65,-0.3%,300.8,23.8,-0.3%
V,Watchlist,GAAP,CY2027,14.24,14.07,-1.2%,14.18,+0.8%,14.35,+1.2%,14.3,-0.3%,14.42,+0.8%,14.37,-0.3%,14.47,+0.7%,300.8,20.8,+0.8%
V,Watchlist,GAAP,CY2028,16.29,16.03,-1.6%,15.59,-2.8%,16.13,+3.4%,16.02,-0.6%,16.28,+1.6%,16.22,-0.4%,16.34,+0.7%,300.8,18.4,+1.3%
